sentimen, Tweet
0,aku nang kampus untuk ngopi ketemu wong2 podo kabeh takok e lapo mengubah sosyeti a
0,askmf aku maba dan ada kating di kampus yang asli jepang dia ikut himpunan tapi seringnya sendirian mungkin ka
0,aku ke kampus untuk seminar hasil ketemu wong2 podo kabeh takok e kok kluyuran ae ben dikiro maba a
0,maksudnya tuh dosen pada ngeganti jam kosong ke jam pagi jadi masuk pagi terus aku
0,ada kunjungan dari kyunghee university dan dosennya tau nuest btw dosennya udah ahjumma eo kamu fansnya nuest
1,dosen2 macam bu lilis ini nih yg bikin aku tambah pengen jadi orang hukum
0,adoh aku nang kampus mlebu jam 1 tp meh bali tanggung
0,ada kunjungan dari kyunghee university dan dosennya tau nuest btw dosennya udah ahjumma eo kamu fansnya nuest
-1,aku ke kampus untuk menuntut ilmu ketemu wong2 podo gak takon yoweslah
0,kl dosen kl ngajar kamu langsung catet serapih ini atau coret2an dulu baru dirapihin wkwk
0,yang kaya gini kalo di kampus aku populernya luar biasa padahal
0,lihat video ayam kampus cantik pamer puting merah dan memek mulus cek bio aku say bugil bokephijab videobokep ngentot
-1,jangan ambil dosen itu dia nilainya bagus cuma kita nanti nggak usaha apa apa aku merasa nggak worth aja sih g
-1,peprus kampus aku gak seserem yg di jakarta amp bandung kaka legend kampus itu mah
0,y'all thisepanjang aku kuliahastra inggris enggak ada satu pun dosen native speaker yang kasih komentar ane
1,pagiii semangat aktivitasnya aku lagi otw ke ke kampuss sambil sarapan uwaa harini kelas dari pagi banget sampe sore
-1,sakitan mana sama ga di kasih kabar sama dosen
1,aku banget yaallah tiap di kampus ngeluarin binder lah ambil kotak pensil lah ngeluarin bolpoin ma
0,ada kunjungan dari kyunghee university dan dosennya tau nuest btw dosennya udah ahjumma eo kamu fansnya nuest
-1,tadi pulangnya dianterin cowok ya jujur aja gak usah boong aku liat kamu di warung deket kampus enak ya makan
0,krt kakakku ada tugas kuliah menganalisis lagu nah temennya milih lagu ini ditengah tengah presentasi dosen pengamp
0,kita tak ws dia sebab dia kata busy assignment online katanya tengok note kt ws rupanyan time aku tak ws tu dia menggatal de
1,posko peduli palu di gorontalo di kampus unu gorontalo posko ini juga sedang mengirim bantuan ke palu dan masih bisa mene
-1,dosen satu ini aku kalo telat bikin salah dikit diungkit2 mulu tapi kalo ada apa apa baru ke aku huft
0,kita tak ws dia sebab dia kata busy assignment online katanya tengok note kt ws rupanyan time aku tak ws tu dia menggatal de
0,tugas kuliah yg belum selese bang dan harus dikumpulin besok pagi
1,menuju kampus dengan perasaan yang riang dan gembira
-1,dosen penguji apa kaitan teori ini dengan variabel skripsi anda pak edy apa urusan anda menanyakan itu bukan hak a
0,kita akan membahas permasalahan 17 ujar dosen hukum islam whoooooaaaaaa untung kami kaum bar bar
0,nungguin gebetan di kampus tapi ngga dateng dateng nih biar ngga bosen aktifkan paket kampusku amp nikmati kuota besar
0,udah donk kamu juga udah kanemangat anak kampus
0,lagi dengerin dosen ngajar dikelas variabelnya berapa 3 kalo saya sih bisa dijadiin 2 dikurangin nama nama gap
0,bole dak kita duduk setempat kita discuss assignments kita maksud discuss aku tu kita discuss laa bukan main fon
1,Semoga Allah permudahkan urusan aku amp orang sekeliling aku yang tengah stress tak kisah pasal assignment ke kerja lain ke
-1,terpantau balas dendam goro sumpek ndek dosen sing sak penake dewe
-1,ih tolol ya ketakutan tantrum bocahnya dikampus sampe malem
-1,tapi meningkat banget hasilnya gimana kalau ditanyain? trus kamu pikir dosen cuma bakal lihat dan jadiin laporan evaluasi kita jadi bungkus gorengan? ya bakal ditanyain lah bambang bikin naik emosi pagi2.
-1,profesor begini saya resign dari kampus mendingan bikin malu almameter kesel
-1,aku dulu ada temen sekolah gayanya selangit sok kaya banget mana julid lagi suka berantem dan ngerasa punya kekuasaan eh ternyata minta keringanan biaya karena dia miskin trus temen kuliah dia orang kaya punya warnet minta keringanan dr kampus buat bayar sampe 3 semester
-1,jends ngasih info kadang suka banget dadakan deh kampus bikin keki
-1,mau balik kampus nemuin kajur badan malah lemes gaenak badan jadi takut mau ke kampus lagi moga aja ga kenapa aku
0,jadi tuh perumahan tempat tinggalku sering banget ada pengamen atau kadang suka ada yang nawarin barang gitu loh nah waktu itu dirumah cuma ada bapakku doang karena aku sama kakakku lagi ke kampus ibuku lagi ke warung sayur terus ada tukang ngamen kebetulan bapakku-
0,gua dah nyusun jadwal+dosen enak jdi pas di buka tinggal pilih kelas yg dah gua catet
0,terima kasih ke dosen makasih ke orang yg ga suka maaciw ke temen deket mksh ke orang yg selalu ganggu hidup aing
-1,ada ya orang jumat baru keluar rumah sakit. sore nya tiba2 jatoh jadinya sedih mulu sampe sekarang. tapi sabtu paginya udah disuruh kekampus sampe malem. alamat masuk rumah sakit lagi ini mah
-1,ternyata w belum jodoh juga sama kampus ini sedih sih tapi gak sesedih pas w gagal kemaren. akhirnya w cepet cepet move on sambil nyari kampus negeri yg masih buka pendaftaran
-1,ini kuota dari kampus ngga turun apa yak? sedih amat duit habis buat beli kuota doang
-1,mimpi ku malem ini sedih tapi gaje. sedih karna bestie aku meninggal gaje karna guru mtk aku jadi tni au sekaligus dosen
-1,5 triliun 142 hektar jadi kampus rujukan Islam dunia sekelas Al-Azhar. Belum lagi proyek Ponpes madrasah Masjid dan fasilitas ummat lain. Kl ada yg masih bilang Beliau an
-1,Ijazah mendadak nyelip tu langsung tiba2 kebayang perjuangan dikampus penelitian skripsi de el el. Emang ya kudu gak ada dulu baru berasa.
-1,Alumni praktek dikampus atas ijin siapa? Harusnyakan minta ijin dulu krn alumnus memakai fasilitas negara tuk kepentingannya sendiri harus sepengetahuan otoritas kampus.
1,Dulu mah kalo mau SMS dosen kudu banget mikirin kata-kata biar sopan takut Salah ngomong pas udah lulus mah udah kaya temen aja sih wkwkw Gimana ketua kelas
1,Kayak tudey... abis dikabarin Ibu bakal telat transfernya krn ada satu dan lain hal.. tp di satu sisi saya lgi byk keperluan.. tp yaudah sy cm bls gapapa bu santai aja Eh mashaallah dah malem ini tbtb rezeki masuk ditransfer dosen :)
1,Berangkat pagi2 ngajar ampe jam 10 lgsg cus mau ke kampus pesen gojek 3kali krn kejauhan dr sekolah mau ke halte busway trs panas2 terik macet sepanjang jln karena lg bnyk penilangan. naik tj Alhamdulillah dpt duduk 2jam perjalanan mac
1,Dulu dapet tugas kuliah translate 1-2 halaman waktu seminggu aja udah sambat ga abis2 tiap hari. Sekarang dihajar translate berhalam halaman dengan deadline less than 12 hours.... Tentu hanya BU lah motivasi dan penyemangatku saat ini hehe
-1,Baru kali ini pemakaian fasilitas laboratorium dikampus sendiri bayar kalo begitu uang yang dibayarkan tiap semster apa tidak termasuk?? Di doain yang buruk apa yang baik nih
-1,Innalillahi wainna ilaihi roji'un Pak Undang Dasuki salah satu dosen terbaik telah berpulang. Semangatnya harus bisa ditiru oleh siapapun yang mengenalnya.
1,Terus dosenny seenak ini diajakin ngomong... Terharuu ga sih Lagi ngobrolin tesis disuruh leyeh2 dulu :') Ini malaikat kok turun jadi dosen sih. Subhnallah
-1,pancasila diuangin THR dipaksain pendidikan dijualin otak dikandangin kampus disatronin 2 periode dibatalin.
-1,Jangan krn save kampus ada alasan tuk memelihara pelaku teror di negeri ini. Sebaiknya Kapolri menawarkan FH dan FZ digaris depan dalam penggrebekan pelaku teroris agar merasakan ketegangan saat itu berlangsung. Aktivis bukan segalanya bila tak
-1,Pencitraan terbesar kampus itu ketika mau akreditasi. Semua ruangan dirapikan yang dulunya gak ada menjadi ada... yang dulunya ada malah dihilangkan.
-1,Banyak maba dikampus mereka tidak tau kalo kuliah itu gak kayak difilm film pada sumringah semua. Ntar sebulan kuliah langsung kusut muka.
-1,Ketika organisasi menjadi hambatan untuk pulang terlambat kerumah lantas apa kabarnya tugas kuliah yg datang tak mengenal waktu? Harus kesana kesini demi contoh tugas. Tak mengeluh hanya tak mau mengkambing hitamkan organisasi. Yg jelas kuliah tak seenak ftv
1,Entah bias atau apa tapi beberapa dosen yang pernah lulus dari univ di US selalu menginspirasi gak cuma bisa ngetai taiin doang. Makanya mereka panutanqu di kampus (?) pengen banget juga bisa kaya mereka
-1,Negeri ini didirikan dengan akal sehat. Politik membuat banyak orang jadi pemarah. Akalnya buntu. Mari turun ke kampus-kampus. Rawat akal sehat mereka. Itulah sedekahmu buat bangsa. Bukan nungguin APBN.
-1,Skrg gini saja. Sy balik pertanyaannya. Bolehkah kah sy yg bukan Mahasiswa UMI ikut masuk ruang Kuliah dan mengerjakan Tugas Kuliah sprt Mhs lainnya? Bukan persoalan Ada larangan atau tidak. Tapi apa Gunanya Saya ikut Perkuliahan kalo Saya n
-1,Gimana caranya ngehadepin dosen yang dichat terus ngeread doang? Padahal responnya penting banget buat gue. Gue bingung mau ngapain takut salah langkah.
-1,Ini karena deket2 masa pengenalan kampus kan rame grup gue terus gue jadi takut sendiri denger notif grup atau geter masuk pesan. Ga tau kenapa huhu
-1,Kemaren di belakang kampus juga ada anak kambing asal nyebrang. Eh kambing nya b ajha yang nyebrang w yang histeris takut mereka ketabrak :((
-1,Oke lanjut siap bukber sama tmn kampus ke rumah tmn katanya deket tp untung w puasa jd sabar muacet poll dimana. Sampe rumah temen baru cuma ada w & 1 orang!
-1,Nyampe kampus mau daftar ujian aika ternyata ga bawa persyaratan sertif daaan ga bisa daftar oke lgsg ke bank buat bayaran nyampe bank 14:46 pak satpam bilang maaf mba udah tutup asdfgjkl.
-1,Selalu takut kalo private chat ke dosen. Takut kesalahan beberapa tahun lalu keulang. Salah kirim selfi ke dosen niatnya buat gendakan q malah kekirim ke dosen:& posenya gabanget pun mecucu mecucu minta dikasih nilai C bgt pokoknya.
1,setiap ada manusia ini di media kok gk pingin baca beritanya tp lgsng baca komennya pasti seru..!! Fadli Zon ragu tiga orang terduga teroris yang diamankan di kampus UNRI menjadikan gedung DPR atau DPRD sebagai target pengeboman. Kenapa?
-1,Gatau anjyr muak gue belajar bisnis internasional pemasaran internasional perekonomian internasional. Dear bapak dosen kmrn bapak bilang mau bahas pariwisata di ekopembangunan biar santai. Sampai uas bapak nggak bahas bahas. Enek gue denger pdb gini ratio dan kawan-kawannya
-1,Walaupun tidak terlalu banyak berinteraksi di kampus selain di kelas dan praktikum tapi pengalaman paling berharga dengan beliau adalah ketika beliau menjadi penguji saat sidang skripsi. Hamba ridha ya Rabb di tanya ini itu oleh beliau
1,UNS universitas negeri surakarta Yang mendaftar 92.000 kampusnya cuma butuh 8200. Kamu yang keterima selamat sudah mengalahkan sekian ribu orang....
-1,kok saya yg dipilih sihh takut memalukan univ walaupun 1 kampus terdiri dari 10 orang dan tdk sendiri tapi kan ini lawannya mahasiswa seluruh indonesia ya kalii bor
-1,saking takut salah ngetik mo ngechat ke dosen wali gue ngetiknya di note dulu setelah itu perbaiki-perbaiki-copy-paste ke roomchat-cek-cek-cek lagi-delete-buka note lagi-perbaiki-perbaiki-buka whatsapp-close-gajadi chat deh mules gue mo pup dulu aku lemah
-1,Please help Gmn caranya leave wa grup yg isinya cuma 6 orang tmn deket kampus ? Ga deket juga Im faking it. They're so toxic dan niru segala yg kulakukan.
1,menyembuhkan rasa sakit tanpa obat ya kek gini bilangnya flu bersin demam tapi order es krim tengah malam. Kalo anak kampus bilang BM terpenuhi
-1,guys aku lagi deg degan parah takut ga bisa ambil 24sks smt ini udah tinggal 1 matkul lg yg mau keluar tapi aku ga yakin soalnya ngerasa zonk bgt dosen sm uasnya biar ga takut gimana ya kepikiran trs ga enak
-1,Kemaren pembagian nilai uts. Takut bener gue ga bisa imbangin pas uas. Kampus gue serem.
1,menyembuhkan sakit tidak mesti pake obat ya kek gini lagi flu bersin demam order es krim tengah malam. Kalo anak kampus bilang ini sih BM terpenuhi
-1,Revisi Penelitian Lapangan ada di beberapa BAB Ada data di salah satu hotel di jogja yg kurang dan dipermasalahin dosen penguji. Mana mungkin balik ke jogja buat nanyain data kek gitu doang. Plus informanya gabisa di hubungin. Jadi ini rasanya pengen lari dari tanggung jawab.
-1,Beliau bilang jadwal uas terakhir keluar tgl 25 Mei. Cukup lama untuk kami berdua memiliki waktu protes. Tapi ya namanya mahasiswa tua jangankan liat jadwal uas kekampus aja boro2 tiap hari :) Kami diam. Sebelumnya sudah saya singgung mengenai 'jadwal ujian final' pada beliau
-1,Anti bank bank club. Gue jadi kepo infonya dah Risen lo ja makan duit riba tuh. Salah satu rekan kita pria paling menawan sekampus ae berani memutuskan untuk risen biar ga makan duit riba ckck
0,since i finished most of my assignments i'll continue to watch my bts dvd's xd i still have some left
0,3 assignments done 1 to go :d
1,Revisi Penelitian Lapangan ada di beberapa BAB Ada data di salah satu hotel di jogja yg kurang dan dipermasalahin dosen penguji. Mana mungkin balik ke jogja buat nanyain data kek gitu doang. Plus informanya gabisa di hubungin. Jadi ini rasanya pengen lari dari tanggung jawab.
1,Beliau bilang jadwal uas terakhir keluar tgl 25 Mei. Cukup lama untuk kami berdua memiliki waktu protes. Tapi ya namanya mahasiswa tua jangankan liat jadwal uas kekampus aja boro2 tiap hari :) Kami diam. Sebelumnya sudah saya singgung mengenai 'jadwal ujian final' pada beliau
-1,Anti bank bank club. Gue jadi kepo infonya dah Risen lo ja makan duit riba tuh. Salah satu rekan kita pria paling menawan sekampus ae berani memutuskan untuk risen biar ga makan duit riba ckck
1,Pak dosen makin keliatan aslinya :(
-1,Anies congornya aja gede. Realisasinya gak ada. Janji terus dari awal bisanya paling korupsi. Balik jadi dosen aja bangsat.
-1,5 triliun 142 hektar jadi kampus rujukan Islam dunia sekelas Al-Azhar. Belum lagi proyek Ponpes madrasah Masjid dan fasilitas ummat lain. Kl ada yg masih bilang Beliau an
1,Ijazah mendadak nyelip tu langsung tiba2 kebayang perjuangan dikampus penelitian skripsi de el el. Emang ya kudu gak ada dulu baru berasa.
-1,Alumni praktek dikampus atas ijin siapa? Harusnyakan minta ijin dulu krn alumnus memakai fasilitas negara tuk kepentingannya sendiri harus sepengetahuan otoritas kampus.
-1,bicara remeh temeh surat pemberitahuan kalajengking beliau tau oposisi surat pemberitahuan nyinyir stres strok dosen laku bacot gede hasil karya anak asuh mayor dungu
-1,masuk google web blogger forum situs dewasa kasih bonus jablay abang lonte bispak bugil naked toge puting jilboobs binal bisyar ayam kampus tante girang ngewe ngentot porno naked banget pascol mania cocktribute sih
1,mega rona utus malaysia april politik beli utus malaysia langgan islam muslim alquran keluarga wanita sehat hibur artis budaya sains teknologi alam alumni kampus universitas wira tentera polis
1,pagi pagi galau galau kampus try out mencret lucu
1,now peta petitih sucipto had purnomo dosen budaya jawa jurus sastra jawa universitas negeri semarang tema gumun getun kaget alem
1,mega utus malaysia april politik beli utus malaysia langgan islam muslim alquran keluarga wanita sehat hibur artis budaya sains teknologi alam alumni kampus universitas wira tentera polis
1,perhati kampus kali aksi demo lawan tuntut soeharto mundur kampus gencar aksi demo henti trisakti atma jaya universitas tarumanegara universitas kristen uki kampus afiliasi csis elite kak
1,bukti kampus rakyat kampus mu ngkin pikir jamban
-1,anies congor gede realisasi janji korupsi dosen bangsat
1,istirahat news mohon perintah masuk kait tega hukum indonesia bebas amp pulih nama warga negara indonesia vonis penjara nista agama dosen kitab suci fik
1,tau dosen ilmu budaya sepuh ketemu penasaran mbak
1,makan siang mi ayam kampus jual layan tonton bareng jojo alah salip alah alah
1,barel bom wilayah kampus kena
1,terima kasih ustaz suara radikal radikal pikir rejim mesjid radikal kampus radikal dosen radikal pijak adab hancur indonesia
1,rlt saran tugas dosen toleransi agama pilih kepala daerah kitab suci bantu guys
1,kampus gue temu tas duga isi bom
1,dosen oi adek armando polisi kait noda agama
-1,rt mahasiswi paksa emut kontol dosen mandi entot nilai kelas
-1,aneh survei bawa nama kampus kayak sih luhut bawa institut teknologi bandung dukung reklamasi cebong hehe
1,gue doa kuat lihat menang jo amin kampus warung mi ayam bicara jojo sih haha rl gue lini ramai
1,strongly sepakat masuk silang budaya dosen dosen lokal tempurung bukti dosen lokal hitung
1,untung teman gue kampus cari budget makan kak warung langgan warung sekolah dasar nasi ayam saus padang plus es teh campur sari kakak boros semester pas kakak
1,yayasan kampus bangun dasar asas agama katolik kristen terima murid agama hehe
1,badan kuliah bohong dosen fakultas besok lulus kuliah pimpin negara tung presiden anak anak dosen
-1,marwah kampus rejim biadab nyungsep amin
-1,anjing ayam kampus ya
-1,lantai unduh bokep video mahasiswi pecah perawan dosen gila ngentot
-1,negara jerat utang bijak boros ganti presiden presiden perintah anggar rupiah gaji dosen asing
-1,narkoba cina dosen cina hutang cina tenaga kerja asing cina periode kurikulum cina salam ganti presiden
-1,sih nih dosen azan break cerocos mulu kunyuk
1,kampus gue foreigner pakai rok pantat wkwk sih gantung dosen pakai
1,dosen oi adek armando polisi kait noda agama denny
1,drop out kampus baskoro nada mata sipit lion buka kejut masuk tau anak teman b
-1,gelar profesor palsu lucu nikmat gelar profesor eh bongkar dosen staf gila keburu cinta ilmu palsu gendeng
1,moga pikir timpang hasil rencana impor dosen gaji rupiah rupiah juta gaji dosen si kerja rupiah juta
-1,sih boneka menang pilih presiden berkat bantu kuasa dalang rajalela kuasa batas awas partai dewan wakil rakyat tentara polisi senator organisasi masyarakat kampus mahasiswa buruh cendikiawan media ulama si
1,mahasiswa aktif giat kampus chat
1,bicara pakai alam universitas universitas katolik larang taung organisasi mahasiswa katolik uang usaha pakai fasilitas kampus giat open recruitment promosi universitas islam
1,bengkal tuan rumah pekan ilmiah olahraga seni mahasiswa mahasiswa kampus islam riau pulau riau
1,pro kampus pagi indonesia barat bahas ekonomi chess competition ecc viii himpun mahasiswa ekonomi bangun himpun mahasiswa ekononmi bangun universitas tanjungpura kak reza kak kak wiranti sih kak andinia kak tino sila partisipasi
1,compile assignment sinting lengan baju
-1,om tangkap iya dosen usu tangkap om arti sontoloyo ganti presiden
-1,rt paksa layan kontol dosen
1,suka anies kasih kuliah bagus dukung anies dosen prof rektor hebat beliau gubernur
1,banding beli go xxxd ongkos kirim pakai kaki jalan menit kampus makan cari makan harga lumayan ribu telur dadar ayam kare sayur tumis kacang bro lumayan
1,enak ayam geprek selatan kampus
1,bicara orientasi studi kenal kampus orientasi studi kenal kampus suruh makan xon ce gilir masuk lidah oper belah habis kecup mulut pas gilir
1,acara kampus fakultas ilmu budaya universitas negeri padjadjaran cerita maju republik rakyat tiongkok tips hadap hidup ajar kampus selesai back to campus gemasian
1,revisi teliti lapang bab data salah hotel yoyakarta dipermasalahin dosen uji yoyakarta data kayak doang plus informanya hubungin lari tanggung
1,beliau bilang jadwal uji semester tanggal mei milik protes ya nama mahasiswa tua lihat jadwal uji semester kampus boro diam singgung kena jadwal uji final beliau
-1,anti bank bank club gue info risen makan duit riba salah rekan pria tawan kampus berani putus risen biar makan duit riba wkwk
1,dosen lihat asli
-1,keren bilang anti islam triliun hektar kampus rujuk islam dunia kelas al azhar proyek pondok pesantren madrasah masjid fasilitas umat bilang beliau an
1,ijazah dadak selip langsung bayang juang kampus teliti skripsi deh el el ya asa
-1,alumni praktik kampus izin harusnyakan izin alumnus pakai fasilitas negara otoritas kampus
-1,Knpsih ni dosen tiap adzan gapernah break dulu gitu?! Nyerocos mulu kunyuk
1,Masa untuk compile kan assignment *sinting lengan baju*
0,RT USER: Mahasiswi dipaksa ngemot kontol Dosen sebelumndi entot demi mendapatkan nilai yg terbaik di kelasnya \xf0\x9f\x98\xae\nURL
0,RT USER: dipaksa layanin kontol dosen\n\nURL
1,dia peluk sama usap muka gua dan memang di depan rumah gua di pager kampus itu ada pocong
1,Overall aku okay dengan assignments aku CUMA YANG TAK OKAYNYA BILA ADA PENSYARAH YANG BAGI TAHU ASSIGNMENT LAMBAT LIKE BAGITAHU HARI NI MINGGU DEPAN DAH KENA SUBMITTT
1,promosinya kampus kuning oke juga eh wkwkwk
-1,sampai bila saya takleh keluar kampus . nak finale dahh nak take break kejapp dalam penang ja ni duduk penang pon
0,Lembaga pemeringkat Scimago Institutions Rankings (SIR) merilis peringkat kampus terbaik di Indonesia tahun 2021 d
0,*DIPLOMA DI KAMPUS BATU PAHAT* : 1AB107: Diploma in Human Resource Management (R/345/4/0042 (03/2025) MQA/FA 5
1,Dalam semua event yang Dahliah dah pernah handle ni yang paling struggle sekali (sbb ni assignment dan sebab lain
1,tolong periksa sikit line di Batu Satu Temerloh. Saya nak buat assignment pun terbantut ni . Terima kasi
0,Masuk kampus kampus den kat Batu Pahat
-1,Kesian budak universiti budak 2 tahun ngadap screen laptop. Takleh nak fefeeling bercinta kat cafeteria buat event masscom lepastu langgar langgar kertas assignment berterabur.
-1,i honestly mok tido tp assignment banking tok ghosting me. dari marek sikpat tido tp bila disuruh polah ass tok alu
0,Peletakan Batu Pertama Kampus PSDKU UNP di Sawahlunto
-1,dosen indo kenapa kaya gini ya kaya dewa amat????? orang tinggal jawab aja... kek... ga berpendidikan amat dah jawa
0,Ya faham faham aja pak dosen
1,I belajar dulu Makan tidur berak muntah semua i fikir pasal ASSIGNMENT Takde nak pakai socmed lang
1,mcm biasa last week berik abis semua mana assignment nak sik sempat berik dolok
0,Ibu dosen
-1,ye la ye la kau je yang terpaling belajar ada certain students yang assignment kena koyak depan orang ramai rilek
0,*DIPLOMA DI KAMPUS BATU PAHAT* : AB107: Diploma in Human Resource Management (R/345/4/0042 (03/2025) MQA/FA 5
1,bagus deh kalau gitu
1,semoga cepat sembuh !! Harap lecture2 kat malaysia bagi assignment guna lah akal sikit.
1,Salam Apresiasi Barisan Jawatankuasa Perwakilan Komander BSM UiTM Cawangan Pahang Kampus Jengka ingin mengucapkan
1,Bangunan awal pentadbiran USIM sebelum di bangunan Canselori Tahun 2005 KUIM berpindah ke Kampus Tetap di Bandar
0,Pantasan tidak pernah melihat di kampus lagi mendapat kabar yg mengerjutkan selamat jalan libra semoga amal ibada
0,Langsung wae BU DOSEN
1,Nak madah Im not used to being alone dari zaman study aku biasa sorg2 waima g makan sekalipun. Molah assignment k
-1,Nak buat assignment pun takde motivasi. Nak main game pun screen protector buat hal. Hm takpo lah. Tengok documentary jelah
1,assignment ada banyak tapi taknak buat rasa nak pergi library je niii
1,Cuti midsem bukanlah tempoh bertenamg untuk students sebab waktu tu lah kami nak selesaikan assignment dan homework
1,Terima kasih Teman2 dan Mas dan kebetulan saya sedang baca yg ini di perpustakaan kampus
1,Saya tidak menyesal pulang ke Indonesia. Saya justru bersyukur karena di sini saya menemukan komunitas epistemik yg tepat selain kampus. Tapi banyak kawan saya yg tidak mendapat kemewahan itu. Banyak yg pulang sekolah malah larut dalam urusan administratif atau bikin LPJ
-1,Eh hello? Just hand in your assignments on time la bodoh? Korg asyik nak complain tak habes2. Lecturer pon ade nak kene habeskan marking ape semua. Korg pikir mmg lecturer nak susahkan hidop korg ke ape? Students je eh hidop susah? Org lain SEMUA mmg nak susahkan hidop students
0,Toklh tidur punyo pasal siap so assignment
1,Ayam ada banyak jenisnya. Yang paling laris saat ini adalah ayam kampus. Harganya yang fantastis namun berkualitas tinggi menjadi incaran om-om awkward daddy ibu kota.
0,Sering minum air hangat
1,Selamat menjalani semester baharu kepada semua siswa guru IPG khususnya IPG Kampus Pulau Pinang. Kata Nelson Mande
-1,Lecturer tak patut bagi assignment last minute test or quiz patut buat waktu kelas. Ni tak hujung minggu pun kadang2 ada test. Adik aku hari2 stay up buat assignment dia tak habis2. Dgn line kadang2 kacau. Buat test time weekend tu paling tak setuju sbb student pun nak rest.
0,Harap harap 2 tahun setengah nanti boleh jugak la aku jejak kaki dengan kampus kuantan
0,Baru saja mengirim foto @ Kampus UNIVA
1,Salam sejahtera semua Kami pelajar kelab Pengucapan Awam (English) semester 4 dari UiTM Cawangan Sarawak Kampus Mu
1,Pasti sedang sibuk-sibuknya ya? Dapat dosen pembimbing yang galak atau nggak nih? Saya sibuk jadi bud
0,SUNGJIN KEKDOSENBGT
0,PKPD (13-26 Jun 2021) di :- Kampus Universiti Utara Malaysia (UUM) Sintok Kedah Kampung Kadazan Tawau Sabah Dua perkampungan dalam daerah Kota Kinabalu Sabah Kampung Lobou 1 &amp Kampung Bukit Permai Taman Villa Felca Nambazan Penampang Sabah
0,Assignment menggunung
0,Takda euro harini boleh focus assignment
-1,Segamat paling haram kejadah babe sumpah sebab kampus paling lama.
1,Hebat orangnya.. pernah bertemu sewaktu di Beijing China.. Beliau tinggal di Kampus Barat Beijing Foreign Studies University
1,While slutngor dengan kl that one person in class datang kelas lambat assignment buat conclusion je.
0,LOTUS BISCOFF PREMIUM FLOOD COOKIES BUY 2 RM3 OFF Tengah buat assignment / kerja terasa nak makan benda manis and crunchy and choc chip yg melt dalam mulut ?boleh try cookies yg saya jual ni COD area :Gombak/KL Free shipping (shopee)
-1,Masalah yg berlaku di kampus lain juga. UM pernah buat rule ni kejap tapi tak enforce. Ajaibnya student tak boleh keluar tapi staf boleh. Bila ditanya staf bekeluarga lah tak bergaul dengan member2 macam student. Jawapan tu kalau tak hisap gam mesti tadika dulu pakai kabel.
-1,Nak buat assignment tapi tak larat ni macam mana ni
1,Aku byk baca student complain pasal ODL ni.. Assignments mcm byk gila.. Aku faham je lecturers nk cover lack of phy
1,Hi ! Takde ke yang dapat ipg kampus keningau sabah ? Yang dari semenanjung? Boleh la dm sayaaa kita kenal2 !!
-1,babi laa group assignment subjek acc macam bodo baik buat je assignment ni macam individual. Lepas tangan ke shial yang lain?
0,alamat saya for now is Gerai 28 Bangunan Pusat Persatuan Pelajar UiTM Melaka Kampus Jasin Merlimau 77300 Melaka
0,Print / photostat dari Rumah Boleh print surat MITI/Kerja PDPR anak2 / Assignment /Kertas Kerja dan lain2. size a4 black &amp White only shah alam boleh COD Kwsn lain boleh pos Ni saja satu2nya income saya buat msa ini. Whatsapp
0,DOSEN BERHATI BATU. ADE ARMANDO
0,google pun sik membantu nyiap assignment tok
1,I tengah ada mood nak full speed buat assignment. Sekali hujan lebat. Ini cuaca untuk tidur!
1,Sekian terima kasih. Yang Menjalankan Tugas Jawatankuasa Perwakilan Kolej Jasmine UiTM Kampus Puncak Perdana S
0,due date is 19 july . Tp assignment masih goyang2 duluannn rilekk
-1,tapi macam mana nak tahu kalau tak mintak en dia macam lect bagi assignment pastu tak bagi tahu buat assignment pa
1,Ramai orang waktu kolej/uni turun berat sebab student kadang-kadang struggle nak makan. Ni belajar kat UIA Gombak naik berat adalah sebab makanan murah dan sedap mana-mana je kat kampus.
1,Sambil Layan Assignment/WFH pernah tak craving nak kunyah benda2 sedap? *FattahAminKhaiBaharMira Filzah pon da
1,Pusat Pemberian Vaksin (PPV) secara pandu lalu (Drive Thru) di Universiti Malaysia Sabah Kampus Antarabangsa Labuan
1,I think everyone need to stay active . Do some workout even if ure busy with homework cari masa sikit.
-1,apa benda la org dah siap assignment nak hantar dah kau suruh tambah lagi hidup kau tak aman jangan la buat hidup org lain tak aman ANJAYY
-1,Sorg luah masalah assignment kat aku ek dah kenapa
1,Vaksinasi COVID-19 di kampus Unindra Jakarta Selatan PPKM Cegah Penyebaran
-1,IIUM ni tak nak buat statement ke sebab macam dah ramai je yang kene covid-19 ni dekat kampus
1,Kalo ke kampus ntr ketemu brondong buah batu yg adaANDA DALAM KESULITAN DAN PERLUKAN BANTUAN SEGERA? Pelajar yang kini berada di Kolej Kediaman atau yang menyewa di sekitar Kampus Serdang dan sedang dalam KESULITAN serta AMAT MEMERLUKAN bantuan segera lengkapkan segera borang di pautan
-1,Takkan nak kena buat kontroversi untuk assignment ni? Aduh siapa laa kami ni hahahha
1,Mengambil langkah proaktif ingin membantu 50 orang sisters di kampus gombak yang memerlukan Safety Ala
-1,Aku tak tau ah weh tiba2 aku rasa sebak tengok kes ni. Selama ni ramai kawan2 cerita stress dgn assignment itu ini personal problem lagi.. tapi bila tau smpai ada yang meninggal ni.. Ya Allah :'( stay strong semua. Ni dah akhir2 week dah ni mmg paling kejar submission.right now nak buat individual assignemt macam acuh tak acuh je. dahh lah banyakkk lagi lahi coq punya assignment
-1,Deshouu hmm patut lerr cuma siapa la yang memperkenalkan sistem assignment camni. Meiwaku kat budak2 y
1,Kehilangan 2 kawan baik dlm seminggu ini 1 kawan baik di kampus 1 lagi kawan seperjuangan Serius deh ini udah mirip thn 2020 lalu hampir tiap pekan &amp bulan dpt kabar duka dari org2 yg kita kenal dgn baik Jaga diri kita semua &amp org2 yg kita kasihi
0,Meet 4 jam Vc 4 jam non stop sakit otak aku demi dua ketul assignment
0,( 3 JULAI 2021 | 11.00 AM ) [MAKLUMAN MPP UPM SESI 2020/2021] PERGERAKAN PELAJAR UPM KAMPUS SERDANG KE PUSAT
-1,Kalau sebelum ni pening nk siapkan mana dulu assignment.. skrg pula pening bila nk buat final assessment
0,==== LOWONGAN KERJA ==== POLTEKA Mangunwijaya membuka lowongan pekerjaan sebagai Dosen Farmasi Deadline :15 Juli 2
-1,Like WTF MAN! Lu jadi dosen di UI trus lu nuduh2 mhsiswa di institusi tmpt lu kerja nyogok buat masuk? Eh itu buka
1,hopefully dgn case student meninggal dunia sebab stress dan tak tidur ini akan menimbulkan debat national tentang normality universiti student terpaksa berjaga sampai 4-5 pagi untuk buat assignment. is it worth it?
1,Berani Kritis dan Bergerak untuk menentang segala bentuk pembungkaman kebebasan akademik di dalam kampus terlebih lagi selama era presiden yang juga alumni telah menunjukkan adanya tekanan dan pengawasan terhadap aktivitas mahasiswa selama ini. Bersatu!
-1,Saya ni banyak lagi benda nak difikirkan kerjaa berlambak assignment berlambak. Saya takda masa nak fikirkan untuk awk
0,Nahh ini kalau bkn dilapangan yaa. Tapi dikampus dibagian laboratorium mineralogi. Batu yang kalian pijak itu kalau
-1,Same goes to stay kampus tapi kes naik
0,MAJLIS PERWAKILAN PELAJAR UiTM Cawangan Negeri Sembilan Kampus Kuala Pilah Sesi 2020/2021.
1,Ngewe sama dosen biar di kasih nilai bagus
1,Cakap kat students saya faham you all tgh banyak assignment sbb tu saya nak tanya mana submission date yg you all
1,Asrama IPG Kampus Tawau Jalan Balung Sabah
0,Bulan ni je last nak settlekan 6assignment je lagi. Nak buat pun merata dh. Kat bilik ruang tamu dekat school h
1,Hi im selling frunchie viscoff mouthgasm and mellow!!! Macam best je kan makan sambil buat assignment hehe rt biar orang tahu korang nak and diorang buat suprise belanja korang
0,Just posted a photo @ Institut Pendidikan Guru Kampus Bahasa Melayu
-1,jangan bagi all assignments dalam waktu yang sama pastu kena hantar dalam masa yang sama jugak. dah la makin nait sem makin susah assignments huhu.
0,Jawatankuasa Perwakilan Kolej (JPK) Kolej Casuarina Sesi 2021/2022 UiTM Cawangan Selangor Kampus Puncak Alam. (IMP
1,Perhatian kepada semua pelajar yang SEDANG BERADA DI KAMPUS dan merupakan ANAK KELAHIRAN NEGERI SELANGOR atau BERMA
1,Sambil sambil buat kerja tu layan assignment ke tengok netflix ke study ke.. Ha apa kata korang ajak Mellow Crun
-1,Bodo dah week berlambak assignments ni ko simpan la dulu kiasu kau ala bodohnya. course kau free sangat ke tampo sa
0,Bangunan awal pentadbiran USIM sebelum di bangunan Canselori Tahun 2005 KUIM berpindah ke Kampus Tetap di Bandar Baru Nilai Negeri Sembilan dan Pusat Pentadbiran.
0,Aku pun baru je dalam bidang ODL ni as a student. Settle hantar assignment pukul 5pagi tadi. Sumpah aku makin gemok
-1,Nak tanyalah time PKPD kalau nak print surat ke assignment ke kedai tutup macamana ya? Apa inisiatif dia? Beli printer sendiri ke?
1,Ayuh semua muslimin dan muslimat Kampus Besut hadirkan diri anda untuk mengisi rohani dengan ilmu-ilmu yang berman
0,Asrama IPG Kampus Tawau Jalan Balung Sabah
0,Beberapa malam menjelang pertandingan tim kami intens berlatih di kampus bahkan hingga larut malam. Maklum kami
-1,Ya allah sem ni la paling banyak assignment video and lab report tapi drama korea still tak lepas
0,Rasa nak tengok anime tapi ngantuk satg mai assignment baru gedik nak tengok
1,yeayyy alhamdulillah kluster kampus cheras tamat harini!
0,JEMPUTAN MENGIKUTI PROGRAM CARDIO FIT ATTACK ANJURAN FAKULTI SAINS SUKAN DAN REKREASI UITM CAWANGAN NEGERI SEMBILAN KAMPUS SEREMBAN *Tarikh* : 2 July 2021 (Jumaat) *Masa* : 9pm - 11pm *Platform* : Youtube Fosrec Official:
1,Hahahahahahaha. Min kata harimau dqh bangun setelah lama ku sabar. Aku memang benci buat assignment group ni. Seb
-1,Pemandu yang bawa aku ke CAC KK Batu 8 tadi pun dah bebel-bebel juga. Risau katanya kes semakin cepat merebak di kampus ni. Baik tutup cepat katanya.
1,jangan sampai assignment eia saya sampai kat penang!
1,Aminnn.. cepat kelarnyq buat skiripsinya... Dosen Masih sehat kan ya ?
0,DR NURHAMIMAH BINTI ZAINAL ABIDIN (PENSYARAH PUSAT PENGAJIAN BIOLOGI UiTM KAMPUS KUALA PILAH) akan memperkenalka Dah kata dorg buat kerja last minute. Lagi teruk dari student U yg hantar assignment last minute ni.
-1,letih sangat dh dengan odl. mental breakdown gila babi. satu apa tak paham untuk sem ni. assignment berduyun macam
-1,Janganlah malas wahai diri ini ... siapkanlah report assignment u tu. Full draft kena send on 14thJune but i sims veghi lezi
-1,ni dari UIA Akhirnya terjawab juga segala persoalan warga UIA mengenai lonjakan kes dalam Kampus Gombak
-1,Bukan Mahasiswa aja sekarang yang panik Dosen pun ikutan panik kalau begini keadaannya
1,Uiam pun ada Kampus di Kuantan Kampus untuk budak Sains Hang nak jadi Doktor Dentist hang pi sini Hang xjumpa T
1,PROGRAM : MENTAL HEALTH TALK Anjuran Jawatankuasa Perwakilan Kolej (JPK) UiTM Cawangan Negeri Sembilan Kampus Rembau bersama panel istimewa Encik Nasrullah Bin Zainal Abidin (Pegawai Psikologi UiTM Kampus Rembau)
-1,Jika kita tidak mengikuti... 1. Di Forum : Mic Dimatikan 2. Di Kampus : Diancam Gak Lulus 3.Di Jalanan : Dihadang Aparat 4. Di Media Sosial : Diancam UU ITE Bukan begitu pak
1,Kakssusjjsjs so pretty ni baru kampus untuk foundation belum lagi main campus uia punya bangunan serius gempak!
-1,yall kalau dalam group assignment jangan la cakap bahasa kelantan aku tak faham bodo
1,Foto dosen pembimbing lagi senyum sambil ngacungin jempol
0,Sekarang ni week 11 students tengah bertungkus lumus kejar due date siapkan assignment. Tapi ada juga lecturer bag
0,GRAND ANDARA REGENCY Hadirkan Hunian Premium di lokasi terbaik di kota Batu Berada dekat KAMPUS UMM D
0,Dengar lagu cigarettes after sex time molah assignment nang sik cun abis makin down rasa tapi sikpa lagu best
-1,dengan mental health dah koyak kena kurung dalam kampus berbulan2..dengan perangai2 pemimpin politaik yang macam kepala wutoh lagi
1,Morning everyone! Barai rasa harini semalam siapkan assignment sampai 4 pagi lepastu ada kelas ganti pagi ni
1,Habis paper dah eh tepp? Mantappp!! Assignment aku pon baru settle
0,kampus shah alam ! &gt Dosen x mahasiswa smt 5 . .
1,Selamat kepada adik2 yang lulus jalur di Kampus Semoga dapat dijadikan batu loncatan menuju kesuksesan
-1,main ke kampus orang eh gadeng kerja
0,Asrama IPG Kampus Bahasa Antarabangsa Jalan Lembah Pantai Kuala Lumpur .
0,pih kansil phi prof bakri. tergantung dosen tapi
-1,ak nangis ciel buat assignment dekat twitter ni. aku sampai buat acc baru pulak tu HAHAHAHA
1,RSS pun lately banyak yg jatuh cinta especially students &amp yg bekerja. Why? Jerawat asyik muncul sebab assignment
-1,Tak tau apa dibelajar mereka berdua ni di kampus lembah pantai....tapi bila dah dapat kuasa dua-dua jadi kepala baghal.
1,Alang2 mahasiswa 03 nak masuk alam uni apa kata PICK buat collab dengan KPT untuk buka PPV di uni khas untuk mahasiswa. Mahasiswa yang baru ni boleh balik ke kampus dan menerima vaksin di sana. Lepas tu pemberian secara menyeluruh kepada mahasiswa dilakukan secara berperingkat.
1,for those yg dapat IPG KAMPUS KOTA BHARU boleh dm me untuk dptkn link group..
-1,Pelajar tak dibenarkan keluar dah terkurung dalam kampus for months. Eh tiber ada kluster dalam kampus? Dan yang salah haruslah student kan walaupun student tak boleh keluar. Kes tak disclosed no announcement
0,trylah duk depan laptop dari 8 pagi sampai 5 petang pastu malam hadap laptop lagi buat assignment
1,Perpustakaan Tun Abdul Razak UiTM Cawangan Pahang Kampus Raub ingin mengucapkan Selamat Hari Pustakawan kepada semu
-1,Udah bukan rahasia Rapat Para PENJAMBAN klo ga artis ya undang burung merpati ayam kampus dll rapat sehari
1,rindu nak study business law dengan awak. Walaupun assignment tu kita buat satu page je that day.
0,Group assignment tax aku ilman puteri nadia. Aku sorang je dungun kelas b sksksk yang lain kelas c apedehal. Tapi h
-1,Group assignment pun tak complicated gini. Tak buat kerja kick jelah nama. Takyah banyak songeh Huhu
1,Semua pelajar dijemput hadir. Sekian terima kasih. Anjuran bersama HAL EHWAL ISLAM DAN MAJLIS PERWAKILAN PELAJAR UiTM Kampus Kuala Pilah
1,Sebanyak 20 pek untuk diagihkan ke Kampus Melaka. Alhamdulillah semua urusan selesai. Sumbangan yang diberikan ti
-1,Tak kisahlah ada regulations ke apa bukankah UIA sepatutnya bertanggungjawab untuk sekurang kurangnya memaklumkan bahawa keadaan case covid-19 di Kampus gombak terkawal tapi sekarang ni langsung takde
0,Kesimpulan: assignment masih bertimbun
0,Wey da pa nich dengan tambun?
-1,tak suruh banding. masalahnya berjalan kaki semua tu takpe bang/kak. yang banyaknya assignment semua nak double dari biasa.
1,Baru je tadi bacakan yaasin ramai dengan budak kampus pahang. Semoga arwah ditempatkan dalam kalangan orang yang beriman. Aamiin.
-1,Group assignment nak part biuk bila dpt groupmate nak kdk masok Uni guna cable jak. Kdk sik abis skolah ehp dpt masok Uni juak. Mintak present intro nama jak pun dsend kdk org nyuroh explain maksud rah namanya. Haish
1,Kesian student skrg mesti banyak gila assignment sebab lecture tu ingat kelas dia je yg penting. Bertabah semua stu
1,kasih paham slur dosen di Indo tuh gimana
-1,Eh aku penat ar aku baling kang assignment ni tak boleh banyak banyak lagi
0,Kampus surabaya mana pak? Universitas putra bangsa kah?
-1,EII GERAMNYAAA!! dari kolej nk gi building qs dgn paneihhnya dia igt dia sorang jeke gi kampus jalan kaki ! NJIIRRRR
0,nungguin km a ... Rr dm
0,Eh atleast aku fx siel for group assignment dari pak m
0,I'm at UMK Kampus Bachok in Kota Bharu Kelantan
0,Tiba2 dejavu yg aku buat online discussion utk assignment dgn grpmate. Idk but maybe covid atau bukan kita tetap akan kena kuarintin.
1,Politeknik ATI Makassar Laksanakan Vaksinasi Covid-19 Dosis Pertama: MAKASSAR – Politeknik ATI Makassar melakukan vaksinasi Covid-19 dosis pertama yang dilaksanakan di Aula Kampus...
1,Dosen dan Karyawan Institut Teknologi Dirgantara Adisutjipto Jalani Vaksinasi Covid-19
1,coba cek inii nih depok deket kampus beb
0,No gym today have to work on my assignment??????
0,Every friendship has its own assignment.
0,[ 1999. ] joki tugas kuliah all spess bisa ke ??
0,RT : Hanya saipul yang berani nyuruh dosen
1,RT : She really understood the assignment!
1,RT : She really understood the assignment!
0,Patience is a trader’s superpower. Today’s assignment: Wait for the perfect setup. Don’t force trades. ?? Share your setup of the day with the American Dream Trading community! Let’s master patience together!
0,Dyma rai 'top tips' gan Ysgol Hanes y Gyfraith a Gwyddorau Cymdeithas allai fod o help gyda'r adolygu! ------------------------- It is revision and assignment season at the moment. Here are some 'top tips' from the School of History Law and Social Sciences which may help!
0,RT : If Vogue knows the assignment then ElleMen understands the situation ?? #…
-1,RT : Ya memang lebih penting bayar buzzer institusi dari pada tukin dosen
0,RT : I was shooting a documentary assignment in Mbita i had early mornings and late evenings to myself so i took the opportunit…
1,Harus ambil sisi baiknya ya guys meski shik shak shok sekali (like kok tiba2 gueee). Saya sangat amat berterima kasih kpd dosen yg telah memercayakan amanah ini kpd saya semoga berkah. Aamiin
1,RT : Krn besok Jumat berkah aku mau bagi-bagi dimsum(3porsi) ke 20 org. Kriterianya : 1. Single parent 2. Guru/dosen yg di up…
0,pls siapa yg dosen pa nya pak bachtiar??? klo krs an harus ke pwt tidak yh
1,ya pasti ada yang favorite waktu kuliah pun ada juga dosen favorite
0,RT : Hanya saipul yang berani nyuruh dosen
1,Sama aja kaya Nikita Willy bersikap halus ke anaknya karena kebutuhan dasarnya terpenuhi. Beda dengan Ibu2 yang masih harus nyari uang sendiri sebagai pekerja domestik paling banyak sering ngomelin anaknya. Begitu pun dosen.
-1,dosen bioku pernah bilang yang intinyaa dosen ituu kalau cuma jadi dosen tok yaa ngga bisaa kaya. makanyaa dosen juga adaa usaha/kerjaan lain
1,sewaktu masih smt 1-2 dosen suka mention ttg kucing siluman. KOK SKRG TBTB DAPET. kan aku jd kangen diajar blio
0,Tp jujurly gw pribadi takut sih chat gt ke dosen awkwkwk tergantung dosennya welcome apa ga????????
0,RT : Hanya saipul yang berani nyuruh dosen
0,RT : Old berezina art I did for my school assignment
-1,ANYING TIK TOK DOSEN GUE ALAY BAT ????????????
0,Bapak kosku jg dosen dikampusku??????? Bismillah Open joki?? Makalah PPT Proposal Laporan Jurnal Essai / essay ??Cerpen Edit data ??Joki ketik &amp tulis tangan ??Tugas Kuliah - Soshum- Kesehatan - Kebidanan- Politik- Ekonomi - Bahasa Indonesia - Pkn- Manajemen- Pancasila
0,RT : Kata dosen itb mas imam pendidikan itu salah satu cara mengubah nasib
0,RT : (IMPORTANT) Guys please help me with my assignment reagrding ANIMATION in this google form survey. It has 13 questions t…
1,RT : He understood the assignment
0,RT : ChiaSoh sila faham assignment and join ManTee at QF for thanks
0,RT : If Vogue knows the assignment then ElleMen understands the situation ?? #…
1,ChiaSoh sila faham assignment and join ManTee at QF for thanks
0,RT : 5PM:PABLO - ginagawa pati assignment ng iba kasi bored siyaSTELL - kumakanta/sumasayaw kahit siesta timeJOSH - nagfifing…
0,pak dosen ww ??
1,Jadi pengen diskusi sama dosen ITB yg rajin upload keaktifan mahasiswa itu. Nambah satu wishlist belajar tahun ini. Ntar2 lbh nyambung sama Uni dulu bisa dari China sampai Rusia pembahasannya. Kita korek2 perghibahan membuka cakrawala berpikir kitaa. ??
0,We handle ••Coursework • classes •Essay due ••Dissertation • semester classes •programming .•Pay Paper • Classes •. ••
1,i just woke up and i’m still tired ?? but the stress of my assignment is gone and nothing beats the sleep after submitting it
0,Feeling stuck with:??write my essay??pay assignments??research paper??essay due??pay term paper??Homework??Chemistry??Psychology??Biologydo my assignmentTake my examBank of England Rory Harry Skelton Canada Prince William Vitor Reis Diaz America Pakistani
0,RT : Hello ?? pwede pa ba po pa add sa assignment natin yung CBZ (Teleparty) &amp Orbit (Stardust) hehehe malay niyo sa Bulacan first t…
0,COMMISSION OPEN NOW! ~essay poem talumpati spoken poetry position paper reaction reflection movie journal review ncp case study speech logo argumentative rrl research poster infographic lf client tula assignment slogan buwan ng wika research ncp science english nursing care
0,Your assignment plug anyday...I'm available to deliver top-notch papers for due Essays questions maths class and discussions .
1,RT : Krn besok Jumat berkah aku mau bagi-bagi dimsum(3porsi) ke 20 org. Kriterianya : 1. Single parent 2. Guru/dosen yg di up…
0,Dosen golongan 3D tanpa serdos alias gaji dan tunjangan fungsional aja ya masih dibawah 5jt juga ??
0,RT : Ya memang lebih penting bayar buzzer institusi dari pada tukin dosen
0,Not true. I did all my Quantitative and Verbal myself or with the help of my sister. Parents was not always home and you have to do your assignment before nightfall or you have to do to shoot early the next day and do it there.
1,pdhl sebelumnya dosen gua bilang udh selesai &amp ga ada revisi lg jdi tinggal jilid aja ????
0,Congratulations to you Madame ED. Wishing you the best in your new assignment.
0,RT : If Vogue knows the assignment then ElleMen understands the situation ?? #…
-1,masih banyak matkul yang belum keluar nilainya hadow pa dosen bu dosen ayo up dulu ????
1,Glad you understood the assignment. In future support your local team they would appreciate you more.
0,RT : Hanya saipul yang berani nyuruh dosen
0,bebal dan tidak peduli ternyata lebih buruk daripada bodoh been in both situations this semester in terms of group assignment orang bodoh tapi mau dan niat meluangkan waktu buat diajarin serta ada struggle itu jauh lebih kooperatif
1,RT : He knew the assignment?????? …
1,Tetangga sebelah rumahku dosen di salah satu univ swasta kaya raya banget mobilnya selalu update yg terbaru bilang ke mahasiswa S2nya jangan terlalu mengejar angka kejarlah passionmu Btw beliau punya tambak berhektar-hektar dan bisnis ekspor rumput laut ke korea.
0,It dosen’t appears so.
0,Kalo kamu punya temen yng bs dipercayaa buat buka akun sia mu gpp minta temen tp kl ga ada tanya ke dosen (sopan ya)
0,RT : Ya memang lebih penting bayar buzzer institusi dari pada tukin dosen
0,RT : (IMPORTANT) Guys please help me with my assignment reagrding ANIMATION in this google form survey. It has 13 questions t…
-1,gua kadang bingung sm penilaian dosen tp kalo minta transparasi nilai malah banyak kali omongannya??
=1,dimaksud tuh 0.5 BUKAN 50. kena mental gak luh? iya lah anjing. ini si anjing ini ga terima nilai dia entah bener kayak pic kedua dia blg B entah D/E kita sekelas udh nyerbu karna permasalahan ketua kelas pc ke dosen karna dia ribut di grup kelas minta ketua kls
=1,najis bgt najis najis najis cuihhh kelas gue ngulang 1 matkul yg dosen nya emng kiler gara gara 2 bocah tai ga terima nilai b pdhl kita sekelas udh pada B jg sukur anjing. jdi sistem dosen ini sblm uts uas ada quiz minimal bgt lu jwb 2 udh aman 2 ini udh gabungan sblm uas uts
1,RT : She really understood the assignment!
0,RT : ui! habis nilai dan ip keluar mending ulas dosen lu di (rating nya anonim)
0,Feeling stuck with your assignments? class kicking my ass pay assignment Online exams Anyone good at pay essay Online classes Programming someone write essay due term paper ?Math Lab report Powerpoint DM WhatsApp
0,Feeling stuck with your assignments? class kicking my ass pay assignment Online exams Anyone good at pay essay Online classes Programming someone write essay due term paper ?Math Lab report Powerpoint DM WhatsApp
0,RT : Alasan Pemerintah Meniadakan Tunjangan Kinerja Dosen Pemerintahan Prabowo Subianto meniadakan tunjangan kinerja dosen yang…
0,Any task due today? In need of any assignment help? DM for hw due assignment class math xl math aleks
0,RT : GQ editor-nim definitely understands the assignment ??????????
0,RT : If Vogue knows the assignment then ElleMen understands the situation ?? #…
0,RT : The new assignment to all the leaders of mt Kenya is to fight Gachagua in every way before his highly awaited declara…
0,Need help with the following assignments:
-1,RT : ANJG BGT DOSEN GAK JELAS DOSEN DZOLIM BGT!! seangkatan nilai uts yang aslinya 90an keatas tapi malah di inputnya under???!!…
0,Biaya kuliah dinaikin tunjangan dosen ditiadakan bener² upaya pembodohan massal yg sistematis.
0,Contact us for the best assignment and essay help services.
0,Client satisfaction our Greatest Goal: DM for: Assignment-
0,RT : Ya memang lebih penting bayar buzzer institusi dari pada tukin dosen
0,Any task due today? In need of any assignment help? DM for hw due assignment class math xl math aleks
-1,Kita balas di evaluasi dosen
0,There are multiple messages in this one simple one. Each can relate based on personal views and orientation. It is a tough assignment with snakes all around. A common place in politics in entire world. But the message for the population of J&amp K is be watchful.
0,Nah bro y business studies teacher was my type to the teeth we connected bro. So i had a business assignment everyone had to explain it in front of the class. Bro thank God i talk to much and watch TV and experience bro i killed it. It wa ms about canada
-1,bukan skripsi sih tapi jurnal gue yang ternyata lolos publish di salah satu platform jurnal berbayar ajaa ternyata diupload atas nama dosen gue dan nama gue cuma sbg ‘pembantu’ alhasil fee nya pun masuknya ke rek dosen gue??
-1,kalau dosen mungkin auto E ya
0,RT : Hanya saipul yang berani nyuruh dosen
-1,rewel bgt base unsoed. dapet B aja kek dapet apa. mahasiswa rese yg minta transparasi nilai krn dpt B ini jg sempet disinggung sm dosen waktu itu dan gw setuju sm yg dosen tsb bilangin
1,RT : She really understood the assignment!
1,RT : She really understood the assignment!
0,Jends! aku kan lagi gak di pwt tapi penasaran sama nilai uas/uts soalnya ngaruh bgt ke ipk kan... menurut kalian mending minta tolong orang loginin akun ku atau tanya tranparantasi nilai ke dosen? maaf byk tny.............
0,RT : Kompas menerbitkan opini yang membalas tulisan saya tentang Guru Badut oleh: Ganda Febri Kurniawan Dosen FISIP Univers…
1,RT : She really understood the assignment!
0,RT : Hanya saipul yang berani nyuruh dosen
1,RT : El Salvador understands the assignment ?? ??
-1,RT : Jangan sedih kak 2017 penelitian gue sama 3 temen gue di ambil dan di ganti jadi nama kaprodi dan dosen dosen buat kem…
0,This should be considered a potato post. new assignment!
1,mantap kaya dosen
0,Kakastart palang ng 2nd sem sabay 4 quiz agad sabay tambak ng activities at assignment HAHAHAHAHAHA.
-1,Season 0+1 60K points = 240 NC Season 2 125K = 11 NC TOTAL =251 NC What is this stupid assignment. You should reconsider the allocation. It is an unfair allocation.
0,RT : On a scale of 1-10 how likely are you to start your assignment 10 minutes before the deadline?
-1,trs jg pas ujian padahal hasil akhirnya sama dan kita sekelas ngerjain bareng karena kesepakatan sm dosen begitu soalnya lumayan susah (btw ini praktek) tp nilainya beda.. gw dpt b temen gw a
0,RT : When AbdulRahman AbdulRazaq moves opposition and blind critics must get busy. It’s a compulsory assignment. Etiri nkan…
0,RT : When AbdulRahman AbdulRazaq moves opposition and blind critics must get busy. It’s a compulsory assignment. Etiri nkan nka…
0,RT : What’s this? 1. Self-outing MI6 agent (as opposed to asset or ‘officer’) Hamish de Breton Gordon whose MI6 assignment…
1,RT : She really understood the assignment!
0,RT : Hanya saipul yang berani nyuruh dosen
0,RT : She really understood the assignment!
0,RT : Hanya saipul yang berani nyuruh dosen
0,RT : (IMPORTANT) Guys please help me with my assignment reagrding ANIMATION in this google form survey. It has 13 questions t…
-1,RT : ANJG BGT DOSEN GAK JELAS DOSEN DZOLIM BGT!! seangkatan nilai uts yang aslinya 90an keatas tapi malah di inputnya under???!!…
0,RT : Kasih au yang abang nya dosen adek mahasiswa dong tkb!
1,Got exactly 2 weeks before my assignment submission deadline not making the same mistake of procrastinating this time. And this time I gotta respond to and act on the feedback from my prev assignment or I'm going to lose marks this time. Uni struggle eh?
0,RT : If Vogue knows the assignment then ElleMen understands the situation ?? #…
1,RT : Ralph Lauren understood the assignment squirrel in sweater = perfection. ???
1,RT : Kebanyakan dosen ngasih nilai tinggi karena gak mau menyulitkan mahasiswanya nanti kalo nyari kerja lanjut kuliah dl…
1,RT : She really understood the assignment!
-1,RT : Lords will I only have to complete this part of my assignment ONE TIME There's no benefit in me going six feet under…
0,RT : [??] ?? B:CHIVE ??? Unreleased Behind ?? Submitting the mission assignment.. “It’s A+” #??? #??? …
0,tanya dosen
0,We handle •
0,RT : only him understand the assignment ????
0,RT : Nak kerja jadi mudah? Adik-adik yang tengah study tak yah pening kepala dah nak: ? Cari journal untuk assignment
0,100 year's assignment for Ifeanyi: enter ur papa swimming pool ?????
0,When AbdulRahman AbdulRazaq moves opposition and blind critics must get busy. It’s a compulsory assignment.
0,We handle •
0,bwat pak dosen:
-1,What is this stupid assignment. From now on I will stop working on this Node
1,RT : She really understood the assignment!
0,RT : Alasan Pemerintah Meniadakan Tunjangan Kinerja Dosen Pemerintahan Prabowo Subianto meniadakan tunjangan kinerja dosen yang…
0,RT : Hanya saipul yang berani nyuruh dosen
0,We handle •
1,RT : Ralph Lauren understood the assignment squirrel in sweater = perfection. ???
0,SERIUS NANYA trus aku ngapain lagi ya ini dah beres sidang? (selain revisi which i will do soalnya ini perlu diskusi sm dosen lagi)
-1,kadang gw ngerasa penilaian dosen ga adil soalnya temen gw ngerjain tugas isinya kebanyakan yapping ga menjawab inti pertanyaan dosen tp nilainya lebih bagus drpd gw (pernah liat dan pas kerkeljg dia tipe yg begitu) atau emg blio suka yg isinya banyak wasweswosnya ya...
0,RT : If Vogue knows the assignment then ElleMen understands the situation ??
-1,Right now I'm writing an assignment lol so many long questions and answers
0,RT : Hanya saipul yang berani nyuruh dosen
-1,LAHHH DOSEN TOLOL
-1,Bener pdhl pure mau blajar bhs gratis ?? jd akalinnya cari native cwek. tapi syukurnya aku udh 2x ktm dosen jd bnrn kayak belajar &amp malah dpt tambahan kelas dr dia wkwk. semua sesuai goals kita sih aku native indo dia dan sebaliknya. dan pernah dpt kerjaan jg dr sini wkwk ??????
0,Look i do love Leonardo's opening but Raph got somethin somethin u know. Divulge your assignment in kind knave.
-1,RT : CHIASOH OII.. Faham tak assignment nii first game just.. errors everywhere tak solid tactic and shots
-1,CHIASOH OII.. Faham tak assignment nii first game just.. errors everywhere tak solid tactic and shots
1,As a woman please invest in your personal development. You will be the one to do your children's assignment.
-1,Iyo tah? Masih dari mematian dosen nya haha
0,RT : Hanya saipul yang berani nyuruh dosen
0,RT : Anggaran ATK kementerian kata Sufmi Dasco sebesar 44 T Rupiah sementara anggaran ASN dosen cuma butuh 28 T.…
-1,Visualsasi anak smt akhir yg bolak balik revisi dan nunggu acc dosen
0,Anggaran ATK kementerian kata Sufmi Dasco sebesar 44 T Rupiah sementara anggaran ASN dosen cuma butuh 28 T. Kebijakan anggaran dan administrasi negara perlu keberpihakan dan kerja cepat.
-1,RT : Dosen kontol. Masih muda maunya dipanggil mas tapi kelakuan melebihi boomer. Boomer aja yg gila hormat…
0,RT : Japanese kids doing their assignment
-1,cm bisa elus dada kl ketemu dosen yg ngerasa hanya beliau yg bener:)))) ngasih kesempatan orang buat ngomong aja enggak dasar luhhh masih tahun baru udah zolim aja sm orang
1,RT : Ralph Lauren understood the assignment squirrel in sweater = perfection. ???
0,... He dosen't come back to me yet ._.
0,RT : Happy New Year! Lt Reed's undercover assignment potentially becomes a bit more literal during the winter celebration in the L…
0,RT : Your assignment for today
0,RT : 100 years' assignment for Tife: enter your dad's private jet ??
0,RT : The concept is 'GoD' vogue kr understood the assignment. ??
1,RT : She really understood the assignment!
-1,Mhn diupayakan utk adanya Ruang Aman bagi mahasiswa dan dosen krn banyak sekali diskriminasi di kampus. Trima ksh
0,Dosen kan bukan penyumbang pnbp
0,RT : markhyuck short au. Dijodohin sama Dosen galak (45)
1,RT : Chelsea understanding the assignment ??
0,RT : 5PM: PABLO - ginagawa pati assignment ng iba kasi bored siya
0,RT : Hanya saipul yang berani nyuruh dosen
0,RT : ?? did the assignment ??
1,RT : She really understood the assignment!
1,RT : She really understood the assignment!
0,best decision smt 5 memilih bu rina sbg dosen referat sy ????????????
-1,RT : Dear teman2 dosen please jangan gini dong. Ikutan malu padahal nggak pernah ????
0,RT : Hanya saipul yang berani nyuruh dosen
-1,Dosen yg membalas bukan dari jalur pendidikan jadi pola pandang dan pokok pikiran tdk akan sama. Ibarat tukang arang dengan jasa loundri tujuan sama2 menghasilkan uang prosesnya beda satu dgn menghitamkan dan satu memutihkan takkan ada titik temu.
0,RT : He told us to abuse him??????? Did we complete the assignment ??
0,RT : Hanya saipul yang berani nyuruh dosen
0,NIOS TMA Handwritten Assignment File | Political Science (317) | Nios T... via
0,RT : Hanya saipul yang berani nyuruh dosen
0,JOKI TUGAS BY HARSA ?.?.? ? tugas SD/SMP/SMA ? tugas kuliah bidang farmasi (laporan praktikum jurnal praktikum etc.)
0,Every friendship has its own assignment.
0,Streamline Assignment Creation and Management with eProLMS!
0,RT : If Vogue knows the assignment then ElleMen understands the situation ??
0,halo teman teman spesial tahun baru ada harga diskon akun turnitin nih Sekitar 100+ assignment yang bisa di resubmit
0,California School Crosses the Line With Bizarre “Coming Out” Assignment
0,RT : Japanese kids doing their assignment
0,When AbdulRahman AbdulRazaq moves opposition and blind critics must get busy. It’s a compulsory assignment.
0,RT : me when I have the randomest playlist when doing my assignment
-1,dosen ngomong gini aku bingung jawabny gmn...
0,RT : There's always one on a group assignment isn't there... ??
0,Ngechat pak RW perkenalannya udah kayak mahasiswa ke dosen aja bjir (aku)
1,dosen kamuu baik bangetttt sumpah
1,"Dalam sy sebagai dosen ekonomi digital sangat kagum dengan program kerja ekonomi pak jadi bagi mahasiswa sy mari dukung Capres yg bisa membedain ekonomi mikro dan makro seperti pak Jokowi pic.twitter.com/YmHngGX8nNDalam sy sebagai dosen ekonomi digital sangat kagum dengan program kerja ekonomi pak jadi bagi mahasiswa sy mari dukung Capres yg bisa membedain ekonomi mikro dan makro seperti pak Jokowi pic.twitter.com/YmHngGX8nNDalam sy sebagai dosen ekonomi digital sangat kagum dengan program kerja ekonomi pak jokowi jadi bagi mahasiswa sy mari dukung Capres yg bisa membedain ekonomi mikro dan makro seperti pak Jokowi Dalam sy sebagai dosen ekonomi digital sangat kagum dengan program kerja ekonomi pak jokowi jadi bagi mahasiswa sy mari dukung Capres yg bisa membedain ekonomi mikro dan makro seperti pak Jokowi Dalam sy sebagai dosen ekonomi digital sangat kagum dengan program kerja ekonomi pak jokowi jadi bagi mahasiswa sy mari dukung Capres yg bisa membedain ekonomi mikro dan makro seperti pak Jokowi Dalam sy sebagai dosen ekonomi digital sangat kagum dengan program kerja ekonomi pak jokowi jadi bagi mahasiswa sy mari dukung Capres yg bisa membedain ekonomi mikro dan makro seperti pak Jokowi dalam sy sebagai dosen ekonomi digital sangat kagum dengan program kerja ekonomi pak jokowi jadi bagi mahasiswa sy mari dukung capres yg bisa membedain ekonomi mikro dan makro seperti pak jokowi dalam saya sebagai dosen ekonomi digital sangat kagum dengan program kerja ekonomi pak jokowi jadi bagi mahasiswa saya mari dukung calon presiden yang bisa membedain ekonomi mikro dan makro seperti pak jokowi dosen ekonomi digital kagum program kerja ekonomi jokowi mahasiswa mari dukung calon presiden bisa membedain ekonomi mikro makro jokowidosen ekonomi digital kagum program kerja ekonomi jokowi mahasiswa mari dukung calon presiden bisa membedain ekonomi mikro makro jokowidosen ekonomi digital kagum program kerja ekonomi jokowi mahasiswa mari dukung calon presiden bisa membedain ekonomi mikro makro jokowidosen ekonomi digital kagum program kerja ekonomi jokowi mahasiswa mari dukung calon presiden bisa membedain ekonomi mikro makro jokowidosen ekonomi digital kagum program kerja ekonomi jokowi mahasiswa mari dukung calon presiden bisa membedain ekonomi mikro makro jokowi ""['dosen' 'ekonomi' 'digital' 'kagum' 'program' 'kerja' 'ekonomi' 'jokowi' 'mahasiswa' 'mari' 'dukung' 'calon' 'presiden' 'bisa' 'membedain' 'ekonomi' 'mikro' 'makro' 'jokowi']"""
0,sebelum karens diner pegawai judes di indonesia pertama fotocopy dekat kampus
1,tidak perlu ke karens diner cukup ke kampus
-1,Duh tugas kuliah numpuk banget pusing!
1,Assignment buat minggu ini seru juga ternyata!
1,Dosen aku super baik ngebantu banget di kelas tadi.
0,Kampus sepi banget hari ini ada apa ya?
-1,Baru ngerjain tugas kuliah deadline bentar lagi OMG!
1,Makasih dosen udah ngejelasin materi dengan sabar!
1,Kampus emang keren banget fasilitasnya lengkap!
1,Tugas kuliah kali ini ribet tapi seru sih.
1,Assignment udah kelar! Waktunya healing~
-1,Duh dosen killer banget deg-degan tiap masuk kelas.
1,asgnmnt buat minggu ini seru juga ternyata!
1,Dosen aku super baik ngebantu banget di kelas tadi.
1,asgnmnt buat minggu ini seru juga ternyata!
-1,Duh tgs kuliah numpuk banget pusing!
1,asgnmnt buat minggu ini seru juga ternyata!
-1,Baru ngerjain tgs kuliah deadline bentar lagi OMG!
1,Kampus emang keren banget fasilitasnya lengkap!
-1,Baru ngerjain tgs kuliah deadline bentar lagi OMG!
0,Kampus sepi banget hari ini ada apa ya?
1,Dosen aku super baik ngebantu banget di kelas tadi.
1,asgnmnt buat minggu ini seru juga ternyata!
-1,Duh tgs kuliah numpuk banget pusing!
1,Kampus emang keren banget fasilitasnya lengkap!
1,asgnmnt udah kelar! Waktunya healing~
0,Kampus sepi banget hari ini ada apa ya?
0,Kampus sepi banget hari ini ada apa ya?
1,Dosen aku super baik ngebantu banget di kelas tadi.
1,Tugas kuliah kali ini ribet tapi seru sih.
0,Kampus sepi banget hari ini ada apa ya?
-1,Duh tgs kuliah numpuk banget pusing!
1,Dosen aku super baik ngebantu banget di kelas tadi.
-1,Baru ngerjain tgs kuliah deadline bentar lagi OMG!
0,Kampus sepi banget hari ini ada apa ya?
0,Kampus sepi banget hari ini ada apa ya?
0,Kampus sepi banget hari ini ada apa ya?
1,asgnmnt buat minggu ini seru juga ternyata!
1,asgnmnt udah kelar! Waktunya healing~
0,Kampus sepi banget hari ini ada apa ya?
1,Dosen aku super baik ngebantu banget di kelas tadi.
-1,Duh tgs kuliah numpuk banget pusing!
1,asgnmnt buat minggu ini seru juga ternyata!
1,Kampus emang keren banget fasilitasnya lengkap!
1,asgnmnt udah kelar! Waktunya healing~
1,Kampus emang keren banget fasilitasnya lengkap!
1,Dosen aku super baik ngebantu banget di kelas tadi.
1,asgnmnt udah kelar! Waktunya healing~
0,Kampus sepi banget hari ini ada apa ya?
1,asgnmnt buat minggu ini seru juga ternyata!
1,Kampus emang keren banget fasilitasnya lengkap!
1,Kampus emang keren banget fasilitasnya lengkap!
1,Tugas kuliah kali ini ribet tapi seru sih.
1,Kampus emang keren banget fasilitasnya lengkap!
0,Kampus sepi banget hari ini ada apa ya?
1,asgnmnt buat minggu ini seru juga ternyata!
-1,Duh tgs kuliah numpuk banget pusing!
1,asgnmnt buat minggu ini seru juga ternyata!
1,Dosen aku super baik ngebantu banget di kelas tadi.
1,asgnmnt buat minggu ini seru juga ternyata!
0,Kampus sepi banget hari ini ada apa ya?
0,Kampus sepi banget hari ini ada apa ya?
1,asgnmnt udah kelar! Waktunya healing~
0,Kampus sepi banget hari ini ada apa ya?
-1,Baru ngerjain tgs kuliah deadline bentar lagi OMG!
1,Kampus emang keren banget fasilitasnya lengkap!
0,Kampus sepi banget hari ini ada apa ya?
1,asgnmnt udah kelar! Waktunya healing~
1,Makasih dsn udah ngejelasin materi dengan sabar!
1,asgnmnt udah kelar! Waktunya healing~
1,asgnmnt buat minggu ini seru juga ternyata!
1,asgnmnt buat minggu ini seru juga ternyata!
-1,Baru ngerjain tgs kuliah deadline bentar lagi OMG!
1,asgnmnt buat minggu ini seru juga ternyata!
1,asgnmnt buat minggu ini seru juga ternyata!
-1,Duh tgs kuliah numpuk banget pusing!
1,asgnmnt buat minggu ini seru juga ternyata!
1,Tugas kuliah kali ini ribet tapi seru sih.
0,Kampus sepi banget hari ini ada apa ya?
1,Kampus emang keren banget fasilitasnya lengkap!
1,Makasih dsn udah ngejelasin materi dengan sabar!
1,asgnmnt buat minggu ini seru juga ternyata!
1,asgnmnt buat minggu ini seru juga ternyata!
1,asgnmnt udah kelar! Waktunya healing~
1,Kampus emang keren banget fasilitasnya lengkap!
1,Kampus emang keren banget fasilitasnya lengkap!
1,Makasih dsn udah ngejelasin materi dengan sabar!
0,Kampus sepi banget hari ini ada apa ya?
-1,Duh tgs kuliah numpuk banget pusing!
1,Dosen aku super baik ngebantu banget di kelas tadi.
0,Kampus sepi banget hari ini ada apa ya?
-1,Duh tgs kuliah numpuk banget pusing!
1,asgnmnt buat minggu ini seru juga ternyata!
1,asgnmnt buat minggu ini seru juga ternyata!
1,Makasih dsn udah ngejelasin materi dengan sabar!
1,Kampus emang keren banget fasilitasnya lengkap!
-1,Duh tgs kuliah numpuk banget pusing!
0,Kampus sepi banget hari ini ada apa ya?
-1,Duh tgs kuliah numpuk banget pusing!
1,asgnmnt udah kelar! Waktunya healing~
1,asgnmnt buat minggu ini seru juga ternyata!
1,Makasih dsn udah ngejelasin materi dengan sabar!
1,asgnmnt buat minggu ini seru juga ternyata!
1,asgnmnt buat minggu ini seru juga ternyata!
0,Kampus sepi banget hari ini ada apa ya?
1,Tugas kuliah kali ini ribet tapi seru sih.
0,Kampus sepi banget hari ini ada apa ya?
0,Kampus sepi banget hari ini ada apa ya?
1,asgnmnt udah kelar! Waktunya healing~
0,Kampus sepi banget hari ini ada apa ya?
0,Kampus sepi banget hari ini ada apa ya?
-1,Baru ngerjain tgs kuliah deadline bentar lagi OMG!
1,Dosen aku super baik ngebantu banget di kelas tadi.
1,Dosen aku super baik ngebantu banget di kelas tadi.
0,Kampus sepi banget hari ini ada apa ya?
1,Dosen aku super baik ngebantu banget di kelas tadi.
0,Kampus sepi banget hari ini ada apa ya?
1,Kampus emang keren banget fasilitasnya lengkap!
0,Kampus sepi banget hari ini ada apa ya?
-1,Baru ngerjain tgs kuliah deadline bentar lagi OMG!
-1,Duh tgs kuliah numpuk banget pusing!
1,asgnmnt buat minggu ini seru juga ternyata!
1,Makasih dsn udah ngejelasin materi dengan sabar!
0,Kampus sepi banget hari ini ada apa ya?
1,asgnmnt buat minggu ini seru juga ternyata!
1,Dosen aku super baik ngebantu banget di kelas tadi.
0,Kampus sepi banget hari ini ada apa ya?
1,asgnmnt udah kelar! Waktunya healing~
1,asgnmnt udah kelar! Waktunya healing~
1,Tugas kuliah kali ini ribet tapi seru sih.
1,Makasih dsn udah ngejelasin materi dengan sabar!
1,asgnmnt buat minggu ini seru juga ternyata!
1,asgnmnt buat minggu ini seru juga ternyata!
1,Dosen aku super baik ngebantu banget di kelas tadi.
1,asgnmnt udah kelar! Waktunya healing~
1,Dosen aku super baik ngebantu banget di kelas tadi.
1,Tugas kuliah kali ini ribet tapi seru sih.
1,asgnmnt buat minggu ini seru juga ternyata!
1,Kampus emang keren banget fasilitasnya lengkap!
1,asgnmnt udah kelar! Waktunya healing~
1,Makasih dsn udah ngejelasin materi dengan sabar!
-1,Duh tgs kuliah numpuk banget pusing!
1,Dosen aku super baik ngebantu banget di kelas tadi.
1,asgnmnt udah kelar! Waktunya healing~
1,asgnmnt buat minggu ini seru juga ternyata!
-1,Duh tgs kuliah numpuk banget pusing!
1,asgnmnt buat minggu ini seru juga ternyata!
1,asgnmnt buat minggu ini seru juga ternyata!
-1,Baru ngerjain tgs kuliah deadline bentar lagi OMG!
1,Dosen aku super baik ngebantu banget di kelas tadi.
1,asgnmnt buat minggu ini seru juga ternyata!
1,Kampus emang keren banget fasilitasnya lengkap!
-1,Baru ngerjain tgs kuliah deadline bentar lagi OMG!
1,Kampus emang keren banget fasilitasnya lengkap!
-1,Duh dsn killer banget deg-degan tiap masuk kelas.
-1,Duh tgs kuliah numpuk banget pusing!
-1,Duh tgs kuliah numpuk banget pusing!
1,asgnmnt udah kelar! Waktunya healing~
0,Kampus sepi banget hari ini ada apa ya?
-1,Baru ngerjain tgs kuliah deadline bentar lagi OMG!
1,Kampus emang keren banget fasilitasnya lengkap!
0,Kampus sepi banget hari ini ada apa ya?
1,asgnmnt udah kelar! Waktunya healing~
1,asgnmnt udah kelar! Waktunya healing~
1,Makasih dsn udah ngejelasin materi dengan sabar!
0,Kampus sepi banget hari ini ada apa ya?
1,asgnmnt buat minggu ini seru juga ternyata!
1,Tugas kuliah kali ini ribet tapi seru sih.
1,Dosen aku super baik ngebantu banget di kelas tadi.
0,Kampus sepi banget hari ini ada apa ya?
0,Kampus sepi banget hari ini ada apa ya?
1,asgnmnt buat minggu ini seru juga ternyata!
1,Kampus emang keren banget fasilitasnya lengkap!
0,Kampus sepi banget hari ini ada apa ya?
1,asgnmnt buat minggu ini seru juga ternyata!
0,Kampus sepi banget hari ini ada apa ya?
1,asgnmnt udah kelar! Waktunya healing~
1,asgnmnt buat minggu ini seru juga ternyata!
1,asgnmnt buat minggu ini seru juga ternyata!
1,asgnmnt buat minggu ini seru juga ternyata!
1,asgnmnt udah kelar! Waktunya healing~
1,asgnmnt buat minggu ini seru juga ternyata!
1,Dosen aku super baik ngebantu banget di kelas tadi.
0,Kampus sepi banget hari ini ada apa ya?
1,Tugas kuliah kali ini ribet tapi seru sih.
1,Dosen aku super baik ngebantu banget di kelas tadi.
1,asgnmnt buat minggu ini seru juga ternyata!
0,Kampus sepi banget hari ini ada apa ya?
0,Kampus sepi banget hari ini ada apa ya?
1,asgnmnt buat minggu ini seru juga ternyata!
1,asgnmnt buat minggu ini seru juga ternyata!
1,asgnmnt udah kelar! Waktunya healing~
1,asgnmnt buat minggu ini seru juga ternyata!
1,Dosen aku super baik ngebantu banget di kelas tadi.
0,Kampus sepi banget hari ini ada apa ya?
0,Kampus sepi banget hari ini ada apa ya?
1,Dosen aku super baik ngebantu banget di kelas tadi.
1,asgnmnt buat minggu ini seru juga ternyata!
1,asgnmnt udah kelar! Waktunya healing~
1,Kampus emang keren banget fasilitasnya lengkap!
1,asgnmnt udah kelar! Waktunya healing~
0,Kampus sepi banget hari ini ada apa ya?
1,asgnmnt udah kelar! Waktunya healing~
1,asgnmnt buat minggu ini seru juga ternyata!
1,Dosen aku super baik ngebantu banget di kelas tadi.
1,Kampus emang keren banget fasilitasnya lengkap!
1,Dosen aku super baik ngebantu banget di kelas tadi.
1,asgnmnt buat minggu ini seru juga ternyata!
1,asgnmnt buat minggu ini seru juga ternyata!
0,Kampus sepi banget hari ini ada apa ya?
1,asgnmnt buat minggu ini seru juga ternyata!
1,asgnmnt udah kelar! Waktunya healing~
1,asgnmnt buat minggu ini seru juga ternyata!
0,Kampus sepi banget hari ini ada apa ya?
1,Dosen aku super baik ngebantu banget di kelas tadi.
1,asgnmnt buat minggu ini seru juga ternyata!
1,asgnmnt buat minggu ini seru juga ternyata!
1,Kampus emang keren banget fasilitasnya lengkap!
1,asgnmnt udah kelar! Waktunya healing~
0,Kampus sepi banget hari ini ada apa ya?
0,Kampus sepi banget hari ini ada apa ya?
0,Kampus sepi banget hari ini ada apa ya?
1,asgnmnt buat minggu ini seru juga ternyata!
1,Dosen aku super baik ngebantu banget di kelas tadi.
-1,Duh dsn killer banget deg-degan tiap masuk kelas.
1,Kampus emang keren banget fasilitasnya lengkap!
-1,Duh tgs kuliah numpuk banget pusing!
1,Kampus emang keren banget fasilitasnya lengkap!
1,asgnmnt buat minggu ini seru juga ternyata!
1,asgnmnt buat minggu ini seru juga ternyata!
1,asgnmnt buat minggu ini seru juga ternyata!
1,Kampus emang keren banget fasilitasnya lengkap!
1,asgnmnt buat minggu ini seru juga ternyata!
1,Tugas kuliah kali ini ribet tapi seru sih.
1,Kampus emang keren banget fasilitasnya lengkap!
1,Dosen aku super baik ngebantu banget di kelas tadi.
0,Kampus sepi banget hari ini ada apa ya?
1,asgnmnt buat minggu ini seru juga ternyata!
-1,Baru ngerjain tgs kuliah deadline bentar lagi OMG!
0,Kampus sepi banget hari ini ada apa ya?
1,asgnmnt buat minggu ini seru juga ternyata!
1,asgnmnt buat minggu ini seru juga ternyata!
1,asgnmnt buat minggu ini seru juga ternyata!
0,Kampus sepi banget hari ini ada apa ya?
1,asgnmnt udah kelar! Waktunya healing~
1,Kampus emang keren banget fasilitasnya lengkap!
1,Dosen aku super baik ngebantu banget di kelas tadi.
1,asgnmnt buat minggu ini seru juga ternyata!
1,Dosen aku super baik ngebantu banget di kelas tadi.
1,Dosen aku super baik ngebantu banget di kelas tadi.
0,Kampus sepi banget hari ini ada apa ya?
1,Tugas kuliah kali ini ribet tapi seru sih.
1,asgnmnt udah kelar! Waktunya healing~
1,asgnmnt udah kelar! Waktunya healing~
1,asgnmnt udah kelar! Waktunya healing~
0,Kampus sepi banget hari ini ada apa ya?
1,asgnmnt buat minggu ini seru juga ternyata!
1,asgnmnt buat minggu ini seru juga ternyata!
-1,Duh dsn killer banget deg-degan tiap masuk kelas.
1,asgnmnt buat minggu ini seru juga ternyata!
1,asgnmnt udah kelar! Waktunya healing~
1,asgnmnt udah kelar! Waktunya healing~
0,Kampus sepi banget hari ini ada apa ya?
-1,Duh tgs kuliah numpuk banget pusing!
1,asgnmnt buat minggu ini seru juga ternyata!
1,asgnmnt buat minggu ini seru juga ternyata!
1,Makasih dsn udah ngejelasin materi dengan sabar!
-1,Duh tgs kuliah numpuk banget pusing!
1,Kampus emang keren banget fasilitasnya lengkap!
1,Dosen aku super baik ngebantu banget di kelas tadi.
1,asgnmnt udah kelar! Waktunya healing~
1,Kampus emang keren banget fasilitasnya lengkap!
1,Dosen aku super baik ngebantu banget di kelas tadi.
1,Kampus emang keren banget fasilitasnya lengkap!
1,asgnmnt buat minggu ini seru juga ternyata!
1,Kampus emang keren banget fasilitasnya lengkap!
0,Kampus sepi banget hari ini ada apa ya?
1,Kampus emang keren banget fasilitasnya lengkap!
1,Kampus emang keren banget fasilitasnya lengkap!
-1,Duh tgs kuliah numpuk banget pusing!
1,Kampus emang keren banget fasilitasnya lengkap!
1,Tugas kuliah kali ini ribet tapi seru sih.
0,Kampus sepi banget hari ini ada apa ya?
0,Kampus sepi banget hari ini ada apa ya?
1,asgnmnt udah kelar! Waktunya healing~
1,Dosen aku super baik ngebantu banget di kelas tadi.
1,Dosen aku super baik ngebantu banget di kelas tadi.
1,asgnmnt udah kelar! Waktunya healing~
1,asgnmnt buat minggu ini seru juga ternyata!
1,Kampus emang keren banget fasilitasnya lengkap!
-1,Baru ngerjain tgs kuliah deadline bentar lagi OMG!
-1,Duh tgs kuliah numpuk banget pusing!
1,Dosen aku super baik ngebantu banget di kelas tadi.
1,Kampus emang keren banget fasilitasnya lengkap!
1,asgnmnt buat minggu ini seru juga ternyata!
-1,Duh dsn killer banget deg-degan tiap masuk kelas.
1,asgnmnt udah kelar! Waktunya healing~
0,Kampus sepi banget hari ini ada apa ya?
-1,Baru ngerjain tgs kuliah deadline bentar lagi OMG!
-1,Baru ngerjain tgs kuliah deadline bentar lagi OMG!
1,Kampus emang keren banget fasilitasnya lengkap!
1,Kampus emang keren banget fasilitasnya lengkap!
1,asgnmnt udah kelar! Waktunya healing~
1,asgnmnt udah kelar! Waktunya healing~
-1,Duh tgs kuliah numpuk banget pusing!
-1,Duh tgs kuliah numpuk banget pusing!
1,Makasih dsn udah ngejelasin materi dengan sabar!
1,asgnmnt buat minggu ini seru juga ternyata!
1,Kampus emang keren banget fasilitasnya lengkap!
1,asgnmnt udah kelar! Waktunya healing~
1,asgnmnt buat minggu ini seru juga ternyata!
1,asgnmnt buat minggu ini seru juga ternyata!
0,Kampus sepi banget hari ini ada apa ya?
1,Tugas kuliah kali ini ribet tapi seru sih.
-1,Duh tgs kuliah numpuk banget pusing!
0,Kampus sepi banget hari ini ada apa ya?
-1,Duh tgs kuliah numpuk banget pusing!
-1,Baru ngerjain tgs kuliah deadline bentar lagi OMG!
1,Kampus emang keren banget fasilitasnya lengkap!
1,Dosen aku super baik ngebantu banget di kelas tadi.
-1,Duh tgs kuliah numpuk banget pusing!
1,asgnmnt buat minggu ini seru juga ternyata!
0,Kampus sepi banget hari ini ada apa ya?
0,Kampus sepi banget hari ini ada apa ya?
1,Makasih dsn udah ngejelasin materi dengan sabar!
1,Makasih dsn udah ngejelasin materi dengan sabar!
0,Kampus sepi banget hari ini ada apa ya?
1,asgnmnt udah kelar! Waktunya healing~
1,asgnmnt udah kelar! Waktunya healing~
0,Kampus sepi banget hari ini ada apa ya?
0,Kampus sepi banget hari ini ada apa ya?
0,Kampus sepi banget hari ini ada apa ya?
1,Dosen aku super baik ngebantu banget di kelas tadi.
1,asgnmnt buat minggu ini seru juga ternyata!
1,asgnmnt buat minggu ini seru juga ternyata!
-1,Baru ngerjain tgs kuliah deadline bentar lagi OMG!
1,asgnmnt udah kelar! Waktunya healing~
1,Tugas kuliah kali ini ribet tapi seru sih.
1,Kampus emang keren banget fasilitasnya lengkap!
1,asgnmnt buat minggu ini seru juga ternyata!
0,Kampus sepi banget hari ini ada apa ya?
1,Kampus emang keren banget fasilitasnya lengkap!
1,asgnmnt udah kelar! Waktunya healing~
0,Kampus sepi banget hari ini ada apa ya?
1,asgnmnt udah kelar! Waktunya healing~
0,Kampus sepi banget hari ini ada apa ya?
1,asgnmnt buat minggu ini seru juga ternyata!
0,Kampus sepi banget hari ini ada apa ya?
1,asgnmnt buat minggu ini seru juga ternyata!
1,asgnmnt buat minggu ini seru juga ternyata!
1,asgnmnt buat minggu ini seru juga ternyata!
1,asgnmnt buat minggu ini seru juga ternyata!
1,Dosen aku super baik ngebantu banget di kelas tadi.
0,Kampus sepi banget hari ini ada apa ya?
-1,Duh tgs kuliah numpuk banget pusing!
1,Dosen aku super baik ngebantu banget di kelas tadi.
-1,Duh tgs kuliah numpuk banget pusing!
1,asgnmnt buat minggu ini seru juga ternyata!
1,asgnmnt buat minggu ini seru juga ternyata!
1,Kampus emang keren banget fasilitasnya lengkap!
1,Kampus emang keren banget fasilitasnya lengkap!
0,Kampus sepi banget hari ini ada apa ya?
0,Kampus sepi banget hari ini ada apa ya?
1,Kampus emang keren banget fasilitasnya lengkap!
1,Kampus emang keren banget fasilitasnya lengkap!
1,asgnmnt buat minggu ini seru juga ternyata!
0,Kampus sepi banget hari ini ada apa ya?
0,Kampus sepi banget hari ini ada apa ya?
1,asgnmnt buat minggu ini seru juga ternyata!
1,asgnmnt buat minggu ini seru juga ternyata!
-1,Duh tgs kuliah numpuk banget pusing!
1,asgnmnt buat minggu ini seru juga ternyata!
1,asgnmnt udah kelar! Waktunya healing~
1,Kampus emang keren banget fasilitasnya lengkap!
0,Kampus sepi banget hari ini ada apa ya?
1,Kampus emang keren banget fasilitasnya lengkap!
1,Kampus emang keren banget fasilitasnya lengkap!
1,Dosen aku super baik ngebantu banget di kelas tadi.
1,asgnmnt buat minggu ini seru juga ternyata!
1,Kampus emang keren banget fasilitasnya lengkap!
1,asgnmnt buat minggu ini seru juga ternyata!
-1,Duh tgs kuliah numpuk banget pusing!
0,Kampus sepi banget hari ini ada apa ya?
1,asgnmnt udah kelar! Waktunya healing~
1,asgnmnt buat minggu ini seru juga ternyata!
1,asgnmnt udah kelar! Waktunya healing~
0,Kampus sepi banget hari ini ada apa ya?
1,Dosen aku super baik ngebantu banget di kelas tadi.
1,Dosen aku super baik ngebantu banget di kelas tadi.
-1,Duh tgs kuliah numpuk banget pusing!
1,Kampus emang keren banget fasilitasnya lengkap!
0,Kampus sepi banget hari ini ada apa ya?
0,Kampus sepi banget hari ini ada apa ya?
1,asgnmnt buat minggu ini seru juga ternyata!
-1,Duh tgs kuliah numpuk banget pusing!
1,Kampus emang keren banget fasilitasnya lengkap!
1,Dosen aku super baik ngebantu banget di kelas tadi.
1,asgnmnt buat minggu ini seru juga ternyata!
0,Kampus sepi banget hari ini ada apa ya?
1,asgnmnt buat minggu ini seru juga ternyata!
1,asgnmnt buat minggu ini seru juga ternyata!
1,asgnmnt udah kelar! Waktunya healing~
0,Kampus sepi banget hari ini ada apa ya?
1,Kampus emang keren banget fasilitasnya lengkap!
0,Kampus sepi banget hari ini ada apa ya?
0,Kampus sepi banget hari ini ada apa ya?
1,asgnmnt buat minggu ini seru juga ternyata!
1,Dosen aku super baik ngebantu banget di kelas tadi.
1,asgnmnt buat minggu ini seru juga ternyata!
1,Tugas kuliah kali ini ribet tapi seru sih.
-1,Baru ngerjain tgs kuliah deadline bentar lagi OMG!
-1,Duh tgs kuliah numpuk banget pusing!
1,asgnmnt udah kelar! Waktunya healing~
1,asgnmnt udah kelar! Waktunya healing~
1,Makasih dsn udah ngejelasin materi dengan sabar!
0,Kampus sepi banget hari ini ada apa ya?
1,Kampus emang keren banget fasilitasnya lengkap!
1,asgnmnt buat minggu ini seru juga ternyata!
1,Dosen aku super baik ngebantu banget di kelas tadi.
1,Dosen aku super baik ngebantu banget di kelas tadi.
1,asgnmnt buat minggu ini seru juga ternyata!
-1,Duh tgs kuliah numpuk banget pusing!
0,Kampus sepi banget hari ini ada apa ya?
1,Kampus emang keren banget fasilitasnya lengkap!
-1,Duh tgs kuliah numpuk banget pusing!
0,Kampus sepi banget hari ini ada apa ya?
0,Kampus sepi banget hari ini ada apa ya?
-1,Baru ngerjain tgs kuliah deadline bentar lagi OMG!
1,Kampus emang keren banget fasilitasnya lengkap!
1,Tugas kuliah kali ini ribet tapi seru sih.
0,Kampus sepi banget hari ini ada apa ya?
0,Kampus sepi banget hari ini ada apa ya?
1,asgnmnt buat minggu ini seru juga ternyata!
1,asgnmnt buat minggu ini seru juga ternyata!
0,Kampus sepi banget hari ini ada apa ya?
1,Kampus emang keren banget fasilitasnya lengkap!
1,asgnmnt buat minggu ini seru juga ternyata!
0,Kampus sepi banget hari ini ada apa ya?
0,Kampus sepi banget hari ini ada apa ya?
1,asgnmnt buat minggu ini seru juga ternyata!
0,Kampus sepi banget hari ini ada apa ya?
0,Kampus sepi banget hari ini ada apa ya?
1,Makasih dsn udah ngejelasin materi dengan sabar!
0,Kampus sepi banget hari ini ada apa ya?
1,Kampus emang keren banget fasilitasnya lengkap!
-1,Duh tgs kuliah numpuk banget pusing!
1,asgnmnt udah kelar! Waktunya healing~
-1,Baru ngerjain tgs kuliah deadline bentar lagi OMG!
1,Kampus emang keren banget fasilitasnya lengkap!
1,Tugas kuliah kali ini ribet tapi seru sih.
1,asgnmnt buat minggu ini seru juga ternyata!
1,Makasih dsn udah ngejelasin materi dengan sabar!
1,asgnmnt buat minggu ini seru juga ternyata!
0,Kampus sepi banget hari ini ada apa ya?
1,Makasih dsn udah ngejelasin materi dengan sabar!
0,Kampus sepi banget hari ini ada apa ya?
0,Kampus sepi banget hari ini ada apa ya?
-1,Duh tgs kuliah numpuk banget pusing!
0,Kampus sepi banget hari ini ada apa ya?
0,Kampus sepi banget hari ini ada apa ya?
1,asgnmnt buat minggu ini seru juga ternyata!
1,Tugas kuliah kali ini ribet tapi seru sih.
1,asgnmnt buat minggu ini seru juga ternyata!
1,Makasih dsn udah ngejelasin materi dengan sabar!
-1,Duh tgs kuliah numpuk banget pusing!
1,asgnmnt udah kelar! Waktunya healing~
0,Kampus sepi banget hari ini ada apa ya?
1,asgnmnt buat minggu ini seru juga ternyata!
1,asgnmnt buat minggu ini seru juga ternyata!
-1,Duh tgs kuliah numpuk banget pusing!
1,Kampus emang keren banget fasilitasnya lengkap!
0,Kampus sepi banget hari ini ada apa ya?
1,asgnmnt buat minggu ini seru juga ternyata!
-1,Baru ngerjain tgs kuliah deadline bentar lagi OMG!
-1,Baru ngerjain tgs kuliah deadline bentar lagi OMG!
1,Kampus emang keren banget fasilitasnya lengkap!
-1,Baru ngerjain tgs kuliah deadline bentar lagi OMG!
1,asgnmnt buat minggu ini seru juga ternyata!
1,asgnmnt buat minggu ini seru juga ternyata!
-1,Duh tgs kuliah numpuk banget pusing!
0,Kampus sepi banget hari ini ada apa ya?
1,Makasih dsn udah ngejelasin materi dengan sabar!
0,Kampus sepi banget hari ini ada apa ya?
1,Dosen aku super baik ngebantu banget di kelas tadi.
-1,Duh tgs kuliah numpuk banget pusing!
0,Kampus sepi banget hari ini ada apa ya?
1,asgnmnt udah kelar! Waktunya healing~
1,asgnmnt buat minggu ini seru juga ternyata!
1,Kampus emang keren banget fasilitasnya lengkap!
1,Makasih dsn udah ngejelasin materi dengan sabar!
1,asgnmnt buat minggu ini seru juga ternyata!
1,asgnmnt buat minggu ini seru juga ternyata!
0,Kampus sepi banget hari ini ada apa ya?
1,asgnmnt udah kelar! Waktunya healing~
1,asgnmnt buat minggu ini seru juga ternyata!
1,Kampus emang keren banget fasilitasnya lengkap!
1,asgnmnt buat minggu ini seru juga ternyata!
