,DF
lengkap,63
kampus,334
banget,274
fasilitas,71
keren,64
pusing,43
duh,46
numpuk,41
tugas,441
kuliah,99
seru,137
kerja,51
minggu,121
dosen,231
cari,8
nilai,20
sulit,6
mahasiswa,24
asih,3
kalo,20
kanan,99
ajar,22
gue,20
santai,3
pdb,1
biar,10
gin,9
sayang,7
bagus,10
bisnis,8
anjyr,1
ekopembangunan,1
dengar,4
nomor,14
banding,2
kemarin,5
pasar,1
internasional,3
pariwisata,1
teman,27
bahas,5
muak,1
tau,1
ekonomi,4
batu,11
sawahlunto,1
psdku,1
sepi,106
anjing,5
ayam,12
buka,14
alam,9
organisasi,8
bicara,10
uang,4
usaha,3
rekrut,1
larang,2
giat,3
islam,19
promosi,2
pakai,9
universitas,36
katolik,2
orang,30
hehe,4
lembut,2
mulut,3
jual,4
penuh,7
makan,13
viscoff,1
belanja,3
kejut,2
hai,7
gas,1
cemberut,1
kasih,29
terima,37
sabar,24
ngejelasin,21
materi,22
lambat,5
kirim,13
oke,2
suka,5
bantu,63
super,47
kelas,79
enam,1
tuan,2
selesai,14
kaki,5
pergi,17
untung,6
milik,36
ku,16
sih,19
ruang,4
upaya,2
mhn,1
aman,10
diskriminasi,1
kelar,55
sembuh,58
yang,1
telepon,3
hormat,1
lampau,1
tumbuh,2
gila,7
perilaku,2
kontol,5
enak,7
diajakin,1
tesis,1
terharuu,1
omong,11
ah,35
subhanallah,1
leyeh2,1
suruh,3
ngobrolin,1
dosenny,1
malaikat,1
turun,6
perawan,1
rekam,3
ngentot,3
lantai,1
rusak,5
mahasiswi,3
bokep,2
video,3
unduh,1
padat,3
ya,34
tok,4
biodata,1
intinyaa,1
bosan,4
sore,2
jam,8
pablo,2
5,12
juli,4
polteka,1
2,19
mangunwijaya,1
15,1
lowong,1
tenggat,27
farmasi,2
isi,4
hadir,3
wanita,4
rohani,1
ayo,2
man,1
muslim,3
cinta,20
ribet,18
kali,22
periode,3
narkoba,1
cina,3
energi,1
ganti,5
presiden,7
asing,3
kurikulum,1
utang,9
salam,3
kiri,1
ii,1
bts,1
tangan,12
xd,1
dvd,1
biografi,1
jepang,4
cek,2
lihat,21
vidio,1
pamer,1
mulus,3
bugil,2
merah,2
cantik,4
memek,1
putih,3
zolim,2
dang,2
asli,7
inputnya,2
bgitulah,7
zaman,2
uts,5
90an,2
degdegan,5
bunuh,6
masuk,20
siang,2
alergi,1
kompetisi,2
bareng,2
jojo,2
layan,6
main,20
kuat,18
rss,1
muncul,2
alas,13
siswa,7
jatuh,12
jerawat,1
ampun,24
ngerjain,25
bentar,23
tuhan,4
hubung,1
studi,3
a,22
kanada,2
televisi,1
jenis,3
kawan,4
guru,10
gigi,2
hajar,1
motivasi,2
halaman,5
terjemah,1
keluh,4
semangat,2
habis,5
12,2
paham,32
kelompok,16
bahasa,37
lantan,2
covid,6
19,6
atur,3
langsung,12
situasi,10
tanggung,5
memberitahukan,1
kendali,1
gombak,4
inggris,28
gaji,3
rupiah,4
pikir,17
moga,9
timpang,1
hasil,7
juta,2
rencana,1
panggung,1
2021,6
peringkat,2
lembaga,9
indonesia,15
gambar,3
rilis,2
geprek,1
selatan,2
citra,1
hilang,6
akreditasi,1
dulunya,1
rapi,1
tunggu,7
kenya,1
pilih,9
gunung,2
pimpin,5
tarung,1
jalan,14
lapor,8
goreng,2
bambang,1
tingkat,1
ditanyain,1
jadi,2
bungkus,1
evaluasi,2
emosi,1
percaya,6
syukur,7
hukum,8
kenal,4
pulang,4
lumpur,2
tiru,2
roji,1
salju,1
salah,20
kritik,6
smt,5
tbtb,2
kangen,1
siluman,1
kucing,11
malu,3
tolong,9
abdulrahman,4
oposisi,5
gerak,8
buta,4
abdulrazaq,4
wajib,4
kritikus,4
sibuk,9
03,3
putra,9
luas,2
kolaborasi,1
tanggal,10
ppv,2
kapten,1
untuk2,1
vaksin,2
tahap,1
spesial,3
gorontalo,1
peduli,4
palu,1
posko,1
who,5
tinggal,14
utuh,1
antar,1
cowok,1
jujur,3
warung,4
duduk,5
cakrawala,1
bangkang,1
daftar,5
salah2,1
aktif,4
rusia,1
sambung,1
ntar2,1
unggah,1
rajin,1
diskusi,4
ken,5
20,3
induk,2
berkah,3
3porsi,2
jumat,4
kriteria,2
1,13
lajang,2
besok,4
bagibagi,2
dimsum,2
hahahha,1
aduh,1
kontroversi,1
film,3
bulat,1
ha,5
netflix,1
undang,3
sungguh,13
nyuruh,15
pipa,12
berani,20
bukti,2
jamban,2
rakyat,8
cerca,1
tuh,6
komite,4
sekian,3
melati,2
menteri,3
puncak,2
lari,4
wakil,7
perdana,1
miskin,2
raja,1
hidup,5
parah,2
ganggu,4
teror,1
simpan,2
tawar,2
fh,1
gar,1
aktivis,1
penggrebekan,1
tegang,1
teroris,2
kapolri,1
negara,19
laku,8
ipg,6
sabah,5
tulang,2
asrama,3
tertawa,4
bilang,4
taman,4
puasa,1
bukber,1
diam,6
rumah,14
kluyuran,1
seminar,1
ben,1
temu,11
injak,2
mineralogi,1
lapang,3
laboratorium,5
deh,2
tutup,8
sekolah,10
tamu,1
h,3
6tugas,1
resimen,1
setapak,1
kelelawar,1
susun,2
sinting,2
lengan,2
kemeja,2
karang,7
kontak,1
nadia,1
sksksk,1
putri,1
apedehal,1
b,8
bebas,6
pajak,1
bodoh,9
sahabat,3
nya,2
harga,7
pita,2
xxxd,1
ribu,3
menit,5
kacang,1
sayur,2
lumayan,3
beli,7
lindung,2
tumis,1
dadar,1
telur,1
ongkos,1
survei,4
aneh,2
bandung,2
cebong,1
dukung,4
bawa,4
kayak,13
teknologi,4
luhut,1
perahu,7
reklamasi,1
anak,22
murid,17
selangor,2
lahir,4
perhati,2
jamin,1
tambun,1
amerika,2
masyarakat,4
adikuasa,1
paksa,4
t,12
dagang,1
mimpi,3
sempurna,4
kuasa,2
kena,4
politik,6
pandang,1
dasar,6
ular,1
keras,2
pribadi,7
sederhana,1
pesan,3
dunia,5
kait,4
populasi,1
waspada,2
orientasi,2
indak,1
utama,4
batang,2
arti,3
garis,4
jernih,1
periksa,1
kerdil,1
pasal,4
cerita,3
tekan,5
allah,3
mudah,2
pohon,5
cemara,4
sosial,3
lulus,8
mikrofon,1
forum,2
media,4
mati,3
ancam,1
dihadang,1
aparat,1
4,7
3,7
kambing,2
nyebrang,1
eh,14
takut,12
histeris,1
tabrak,1
angka,3
nyerbu,1
badai,1
0,2
komputer,1
lu,2
50,2
kls,1
butuh,11
twitter,2
kagum,2
mari,2
program,3
makro,1
membedain,1
jokowi,1
digital,1
jokowidosen,1
calon,1
ymhnggx8nndalam,1
capres,1
mikro,1
kalifornia,1
salib,1
drama,1
korea,2
coklat,1
premi,2
ikan,6
banjir,1
keping,1
tokopedia,1
kod,2
coba,6
benda,8
biskuit,1
rm3,1
manis,1
daerah,4
kering,1
teratai,1
garing,1
leleh,1
kue,2
dijodohin,1
galak,2
markhyuck,1
45,2
pendek,1
isap,1
kedip,1
staf,2
keluarga,3
gaul,1
kanak,1
anggota2,1
laksana,2
kabel,2
ajaib,1
anggar,4
mes,3
jerat,1
cerdas,1
boros,2
s2,1
kejar,3
tetangga,1
tambak,2
rumput,2
belah,2
gairah,1
raya,2
mobil,2
ekspor,1
laut,1
biologi,2
kuala,4
zainal,2
memperkenalka,1
binti,1
sortir,3
buruk,3
nurhamimah,1
dokter,5
semester,8
nelson,1
pinang,3
pulau,4
lingkar,2
amin,4
baca,5
hantu,2
yasin,1
pahang,3
laki,5
air,2
madah,1
makhluk,1
sorg2,1
batas,2
tiber,1
kluster,2
izin,2
gendeng,1
gelar,1
lucu,2
palsu,1
bongkar,1
keburu,1
ilmu,5
ijin,2
harusnyakan,3
alumni,6
praktek,3
otoritas,3
langgan,4
hibur,2
utus,2
mega,2
april,2
alquran,2
sehat,7
tentara,3
budaya,6
sains,6
wira,2
polisi,5
malaysia,5
artis,3
uji,11
jadwal,4
tua,5
mei,3
singgung,4
protes,3
bora,1
teori,1
gelisah,1
koneksi,1
variabel,2
skripsi,6
hak,1
gagal,1
bahan,2
jiwa,2
sedih,5
cepat,7
tindak,1
juang,8
tunda,1
serah,6
tanda,2
tanggap,1
hotel,3
bab,3
doang,7
teliti,6
informanya,3
plus,4
data,4
jogja,2
revisi,7
nanyain,2
hubungin,3
siku,6
mode,8
erti,9
jakarta,2
legenda,1
rem,1
peprus,1
kakak,4
cetak,2
pos,2
hitam,2
lain2,1
pdpr,1
a4,1
ukur,3
kertas,8
fotostat,1
surat,3
syah,2
kwh,1
jilid,1
gua,4
11,4
tempo,9
tas,1
pekan,7
favorit,1
melaka,2
asosiasi,1
28,3
bangun,9
alamat,2
77300,1
nipis,1
jeruk,1
diploma,2
kelola,3
345,2
ab107,1
sumber,2
r,3
mqa,2
pahat,3
manusia,3
0042,2
2025,2
hangat,1
minum,1
udara,1
gojek,1
tilang,1
berangkat,1
selai,4
2jam,1
bus,1
burung,4
panas2,1
terik,1
macet,1
jalur,3
sen,1
3kali,1
10,3
macan,1
tj,1
pegang,1
44,2
dasco,2
asn,2
sufmi,2
atk,2
dahliah,1
peristiwa,2
rw,1
ngechat,2
hadap,4
seranta,1
pocong,1
peluk,1
taktik,2
haiasoh,4
tembak,4
saudari,7
aksi,1
tuntut,2
soeharto,1
kalah,3
kristen,2
csis,1
demonstrasi,1
uki,1
atma,1
gencar,1
lawan,3
trisakti,1
tarumanegara,1
henti,4
jaya,1
afiliasi,1
elite,1
hektar,3
ponpes,2
madrasah,3
alazhar,1
triliun,3
proyek,3
142,2
ummat,2
referensi,2
masjid,3
berita,2
ragu,3
dpr,1
zona,1
dprd,1
komentar,2
bom,1
gedung,1
lgsng,1
pengin,1
target,1
unri,1
duga,1
fadli,1
rina,1
putus,4
tidur,6
toklh,1
daki,1
kepala,6
agama,5
toleransi,1
saran,1
suci,2
kitab,2
bayang,4
matkul,3
kera,3
doa,2
cerocos,2
nih,8
mulu,4
panggil,2
wkwkwk,1
kuning,1
gede,3
berang,1
realisasi,2
anies,3
korupsi,2
bajing,3
janji,2
tampil,1
catat,5
line,5
gatal,2
on,5
boro,2
tes,5
25,2
nama,4
sesuai,4
langit,2
nang,1
konsep,1
terakhir2,1
cuek,1
individu,2
jantan,2
mata,2
balap,1
rangin,1
celah,1
yaudah,1
sisi,2
lelah,3
mashaallah,1
malam,10
gapapa,1
balas,5
dikabarin,1
telat,2
rezeki,1
transfer,1
ellemen,1
bimbing,2
tunas,1
sibuksibuknya,1
tawau,2
riset,2
pidato,1
awat,1
tinjau,3
logo,1
posisi,1
klien,2
komisi,1
cermin,1
poster,1
slogan,1
reaksi,1
ncp,1
lisan,2
puisi,1
argumentatif,1
jurnal,5
infografis,1
rrl,1
warna,1
kene,2
korg,1
halo,2
pon,4
adek,5
punya2,1
duluannn,1
goyang2,1
obrol,5
mohon,1
warga,4
perintah,3
penjara,1
pulih,1
vonis,1
istirahat,2
hati,5
cuaca,1
suasana,1
hujan,2
tebal,2
fakultas,3
bohong,2
tung,1
laris,1
incar,1
canggung,2
kota,6
fantastis,1
ayah,4
kualitas,1
animasi,4
bentuk,5
13,3
google,5
cabang,7
nasrullah,1
jpk,2
panel,1
rekomendasi,3
sampah,1
tn,2
psikologi,2
sembilan,4
deket2,1
huhu,3
tembaga,1
notif,1
getar,1
surabaya,1
bangsa,2
kacau,1
adik,1
kadang2,1
ulang,6
tuju,4
habis2,1
kabar,6
sakit,6
semenanjung,1
dahi,1
tahu2,1
sayaaa,1
dm,8
kerjaa,1
kau,3
anjayy,1
organisasi2,1
serius,3
2020,3
esai,1
steker,1
matematika,5
sedia,2
dokumen,1
jempol,2
profesor,2
gubernur,1
yayasan,1
sik,4
alias,1
fungsional,1
tunjang,4
serdos,1
dimensi,1
sipit,1
baskoro,1
singa,1
gadeng,1
jends,2
ipk,1
ngaruh,1
tranparantasi,1
penasaran,2
akun,3
maaf,3
logis,1
pwt,2
editornim,1
gq,1
bangga,1
rumit,1
mustahil,3
tendang,1
libra,1
amal,2
puja,1
mengerjutkan,1
tumpuk,1
simpul,3
serapih,1
wkwk,4
dirapihin,1
coret2an,1
acak,1
putar,1
libur,1
alex,2
pastu,3
dada,2
tiran,1
kunjung,3
kyunghee,3
ahjumma,3
fansnya,3
ambil,9
kunci,1
koleksi,1
wae,1
nyonya,1
edit,2
harap,1
selamat,2
pasuk,4
bal,1
larut,2
lpj,1
epistemik,1
administratif,1
sali,2
mewah,1
komunitas,1
kesana,1
ftv,1
contoh,1
lantas,1
kesini,1
hambat,1
daun,1
ngopi,1
ubah,2
intensif,1
tanding,1
jelang,1
latih,1
pagi,12
oh,2
roh,1
sarap,1
wow,2
aktivitas,2
nikita,1
ngomelin,1
domestik,1
halus,1
sikap,1
beda,3
negeri,1
barat,2
beijing,1
bolak,1
visualsasi,1
grup,1
domino,1
nyuroh,1
cincang,1
daging,1
hadiah,1
kdk,1
mandi,1
topik,2
entot,2
kelinci,1
interaksi,1
ridha,1
praktikum,2
317,1
nio,1
aju,1
tulis,7
timbang,2
kentang,1
timbul,1
normal,2
nasional,1
nila,2
debat,1
leceh,1
pemberitahuan,2
sergap,1
gera,1
sidang,3
mpp,1
00,1
upm,1
makmur,1
publik,1
serawak,1
klub,4
singkat,2
cipta,1
efek,1
iium,1
nyata,1
ure,1
olahraga,4
powerpoint,2
pemrograman,3
pakan,2
bayar,8
pantat,4
presentasi,3
jebak,3
menang,2
partai,1
sarjana,1
berkat,1
buruh,1
rajawali,1
awas,2
dewan,1
ulama,1
boneka,1
senator,1
skiripsinya,1
rindu,1
disertasi,1
didik,5
dewa,1
jawa,2
chelsea,1
cahaya,1
diskon,1
100,3
turnitin,1
rl,1
kaksusjjsjsjs,1
robek,2
kunyah,1
fattahaminkhaibaharmira,1
filsafat,1
lezat,2
laptop,2
8,2
batal,2
prabowo,2
subianto,2
bahak,2
6,1
pura,1
racun,1
akalinnya,1
sasar,2
buah,2
murni,1
cewek,1
motor,1
sepeda,1
benar,1
warnet,1
ringan,1
julid,1
antem,1
biaya,3
gaya,1
makassar,1
vaksinasi,3
dosis,1
politeknik,1
foto,3
senyum,1
rori,1
bank,5
william,1
pangeran,1
diaz,1
kerangka,1
vitor,1
tugasmengambil,1
pakistan,1
kimia,1
harry,1
sumbang,2
pnbp,1
1999,1
sungai,3
hm,1
layar,2
dokumenter,2
www,1
spanyol,1
mantel,1
qf,2
gabung,2
alazar,1
catur,1
himpun,1
partisipasi,1
ecc,1
andina,1
pro,1
tanjungpura,1
reza,1
viii,1
sumpah,3
depok,1
8200,1
000,1
surakarta,1
92,1
sontoloyo,1
tangkap,1
atap,1
marah,2
njiirrrr,1
begitu,1
dongkrak,1
ppkm,1
cegah,1
unindra,1
sebar,2
bijak,1
administrasi,3
wilayah,1
barel,1
lacur,1
ngehadepin,1
kapai,2
ngeread,1
bingung,3
responnya,1
lang,2
bel,4
tukin,4
suap,1
pria,4
nuduh2,1
antarmuka,2
umk,1
goyang,1
gueeee,1
sial,2
mencret,1
galau,1
beres,1
capai,1
jangkau,1
dolok,1
lauren,3
tupai,3
sweter,3
muntah,4
puas,1
hebat,1
kudu,3
tawa,1
sopan,2
wkwkw,1
ala,2
perempuan,2
saudara,3
proaktif,1
muka,1
komunikasi,1
sera,1
langgar,1
kafetaria,1
massa,1
tatap,1
serigala,1
kadazan,1
bukit,1
juni,2
vila,1
lumpuh,1
kedah,1
kampung,1
penampang,1
desa,1
utara,1
tiup,1
1326,1
kinabalu,1
pkpd,2
tekun,1
kotak,2
leonardo,1
raph,1
vinci,1
dah,1
bocor,1
lonjak,1
jari,1
gomb,1
kadang,5
murah,1
berat,1
layanin,1
nurl,2
n,2
pustaka,3
mengerti,1
enggak,1
karantina,1
almameter,1
kesel,1
mending,1
jawabny,1
ikat,1
bolpoin,1
pensil,1
keluar,1
unsoed,1
transparasi,2
basis,1
hitung,2
rewel,1
link,2
2017,1
kem,1
kaprodi,1
adana,1
brondong,1
serang,2
sewa,1
prakarsa,1
toko,1
ngeganti,1
kosong,2
24sk,1
uasnya,1
derajat,4
pagar,2
eia,1
2022,1
setan,1
fisik,1
pantai,2
lembah,2
ledak,2
dobel,1
pandu,1
setir,2
labu,1
semesta,1
fisip,1
febri,1
opini,1
ganda,1
terbit,2
kompas,1
kurniawan,1
harfiah,1
senang,4
musim,5
dingin,1
potensi,1
buluh,1
rahasia,2
duit,4
bangkit,3
tawan,3
rekan,3
ckck,2
anti,4
info,2
kepo,2
sabtu,1
kolam,1
renang,1
perangai2,1
urung,1
kembang,1
investasi,1
tiada,1
biadab,1
marwah,1
diet,2
nyungsep,1
belok,1
kecup,1
lidah,1
operasi,1
rapat,1
merpati,1
dll,2
gantung,4
babi,3
subjek,1
skala,1
110,1
barang,1
ngamen,1
loh,1
tukang,2
serikat,2
jilboobs,1
padang,2
bisyar,1
laba,1
girang,1
binal,1
toge,1
dewasa,1
bispak,1
bonus,1
telanjang,1
bloger,1
kontributor,1
porno,1
jaring,1
situs,1
lonte,1
sebelumndi,1
xf0,1
x9f,1
x98,1
amuk,1
bocah,1
tolol,2
gemuk,1
bidang,2
detik,2
kooperatif,1
maksud,1
misi,1
lokio,1
panas,2
kuim,2
2005,2
bandar,2
kanselir,2
lagiperbaikiperbaikukuba,1
ngetiknya,1
keledai,2
perbaikiperbaikicopypaste,1
whatsappclosegajadi,1
wali,1
ruangobrolancekcekcek,1
lemah,1
draf,1
simulasi,1
14,2
malas,1
majelis,2
budak2,1
meiwaku,1
sistem,3
deshhou,1
hmm,2
kilometer,1
rr,1
armando,3
non,1
gumpal,1
vc,1
otak,2
kombinasi,1
sukur,1
minimal,1
iris,1
kotor,1
sepuh,1
mbak,2
massal,1
sistematis,1
dinaikin,1
yoweslah,1
agung,1
huni,1
andara,1
lokasi,1
huft,1
dikit,1
diungkit2,1
kiat,2
sejarah,1
hanes,1
momen,1
kajur,1
gaenak,1
kuota,2
nyelip,2
dadak,3
nasi,1
sari,1
teh,1
campur,1
saus,1
siapaaaaaaaaaaaaa,1
kaum,1
17,1
selese,1
dikumpulin,1
baris,1
komandan,1
apresiasi,1
bsm,1
licik,1
gerah,1
kiasu,1
kursus,1
bagal,1
sd,1
krim,2
bersin,2
obat,2
flu,2
demam,2
thisepanjang,1
kuliahastra,1
lokal,2
tim,1
karen,2
restoran,2
umi,1
mhs,1
bachtiar,1
krs,1
populer,1
sungjin,1
kekdosenbgt,1
diupload,1
lolos,1
platform,2
rek,1
alhasil,1
asisten,1
ide,1
takdir,1
pendeta,1
sastra,1
petitih,1
sucipto,1
jurus,1
kaget,1
semarang,1
purnomo,1
peta,1
buntu,1
akal,2
apbn,1
rawat,1
kuliah2,1
dendam,1
nyanyi,2
pantau,1
sumpek,1
goro,1
senja,1
kuantitatif,1
sulang,1
yeayyy,1
nikmat,1
gebetan,1
paket,1
abdul,1
raub,1
razak,1
pustakawan,1
semu,1
dqh,1
benci,1
hahahahahahahahaha,1
seb,1
harimau,1
berezina,1
seni,2
karyawan,1
dirgantara,1
adisutjipto,1
perinci,1
bar,1
semster,1
doain,1
asa,1
ceria,1
seks,1
rokok,1
mantap,1
selimut,1
selip,1
informasi,2
sepakat,2
mantee,1
ckckckk,1
bintang,1
hehehe,1
debu,1
pesta,1
orbit,1
melayu,2
bulacan,1
cbz,1
noda,2
manajemen,1
pancasila,2
ppt,1
usul,1
bismillah,1
kosku,1
cerpen,1
pkn,1
bidan,1
makalah,1
soshum,1
ketik,1
kamp,1
menganalisa,1
waktujosh,1
tari,1
taiwan,1
inspirasi,1
panutanqu,1
bias,1
tkb,1
sudut,1
konsultasi,1
pesantren,1
pondok,1
azhar,1
agen,1
aset,1
tonjol,1
mi6,1
1ab107,1
jet,1
antan,2
jejak,1
adab,1
hancur,1
radikal,1
mesjid,1
suara,1
tido,1
marek,1
mok,1
aluminium,1
perban,1
hahahahahahaha,1
ilmiah,1
bengkal,1
riau,1
denny,1
judes,1
fotocopy,1
rekreasi,1
bugar,1
resmi,1
kardio,1
youtube,1
seremban,1
fosrek,1
9,1
imbangin,1
dikandangin,1
dibatalin,1
diuangin,1
dijualin,1
disatronin,1
dipaksain,1
distribusi,1
jahat,1
haram,1
bayi,1
karya,1
remeh,1
bacot,1
stres,1
kalajengking,1
walikota,1
sembrono,1
stroke,1
nyinyir,1
asuh,1
kerang,1
yogyakarta,1
pose,1
pacar,1
gabang,1
niat,1
mecucu,1
pokok,1
swafoto,1
guru2,1
lil,1
jadiiii,1
ketu,1
sertifikat,1
asdfgjkl,1
46,1
satpam,1
daaan,1
syarat,1
tni,1
mtk,1
karib,1
knpsih,1
adzan,1
urus,1
diposting,1
ngeri,1
ngantuk,1
euro,1
fokus,1
gemasian,1
republik,1
maju,1
acara,1
padjadjaran,1
tiongkok,1
sumringah,1
entar,1
kusut,1
praktik,1
kang,1
epak,1
adil,2
inti,1
tipe,1
gereja,1
bakri,1
kansil,1
alokasi,1
60k,1
poin,1
125,1
total,1
240,1
251,1
doktor,1
peluang,1
p,1
anonim,1
bungkam,1
kritis,1
era,1
akademik,1
panik,1
adik2,1
sukses,1
loncat,1
gelembung,1
kemudi,1
cac,1
khawatir,1
titik,1
arang,1
mutih,1
loundri,1
jasa,1
proses,1
