Tweet,sentimen
"['kampus', 'keren', 'banget', 'fasilitas', 'lengkap']",1
"['duh', 'tugas', 'kuliah', 'numpuk', 'banget', 'pusing']",-1
"['tugas', 'kerja', 'minggu', 'seru']",1
"['kanan', 'dosen', 'asih', 'nilai', 'sulit', 'mahasiswa', 'kalo', 'cari', 'kuliah']",1
"['tau', 'anjyr', 'muak', 'gue', 'ajar', 'bisnis', 'internasional', 'pasar', 'internasional', 'ekonomi', 'internasional', 'sayang', 'dosen', 'kemarin', 'nomor', 'bahas', 'pariwisata', 'ekopembangunan', 'biar', 'santai', 'bahas', 'bahas', 'bagus', 'gue', 'dengar', 'pdb', 'gin', 'banding', 'teman']",-1
"['batu', 'kampus', 'psdku', 'sawahlunto']",0
"['kampus', 'sepi', 'banget']",0
"['anjing', 'ayam', 'kampus']",-1
"['bicara', 'pakai', 'alam', 'universitas', 'universitas', 'katolik', 'larang', 'organisasi', 'mahasiswa', 'katolik', 'uang', 'usaha', 'pakai', 'fasilitas', 'kampus', 'giat', 'buka', 'rekrut', 'promosi', 'universitas', 'islam']",1
"['hai', 'jual', 'cemberut', 'viscoff', 'mulut', 'penuh', 'gas', 'lembut', 'makan', 'tugas', 'hehe', 'kanan', 'biar', 'orang', 'kejut', 'belanja']",1
"['tugas', 'minggu', 'seru']",1
"['kampus', 'sepi', 'banget']",0
"['terima', 'kasih', 'dosen', 'ngejelasin', 'materi', 'sabar']",1
"['terima', 'kasih', 'dosen', 'ngejelasin', 'materi', 'sabar']",1
"['duh', 'tugas', 'kuliah', 'numpuk', 'banget', 'pusing']",-1
"['oke', 'tugas', 'oke', 'ajar', 'tugas', 'lambat', 'suka', 'minggu', 'kirim']",1
"['kampus', 'sepi', 'banget']",0
"['dosen', 'super', 'bantu', 'banget', 'kelas']",1
"['kampus', 'keren', 'banget', 'fasilitas', 'lengkap']",1
"['kanan', 'tuan', 'milik', 'selesai', 'ku', 'tugas', 'sih', 'untung', 'pergi', 'enam', 'kaki']",-1
"['mhn', 'upaya', 'ruang', 'aman', 'mahasiswa', 'dosen', 'diskriminasi', 'kampus', 'kasih']",-1
"['tugas', 'kelar', 'sembuh']",1
"['tugas', 'kerja', 'minggu', 'seru']",1
"['kanan', 'dosen', 'kontol', 'telepon', 'perilaku', 'lampau', 'orang', 'yang', 'tumbuh', 'orang', 'yang', 'tumbuh', 'gila', 'hormat']",-1
"['kampus', 'sepi', 'banget']",0
"['kampus', 'keren', 'banget', 'fasilitas', 'lengkap']",1
"['kampus', 'sepi', 'banget']",0
"['tugas', 'minggu', 'seru']",1
"['tugas', 'kelar', 'sembuh']",1
"['dosenny', 'enak', 'diajakin', 'omong', 'terharuu', 'ah', 'ngobrolin', 'tesis', 'suruh', 'leyeh2', 'malaikat', 'turun', 'dosen', 'ah', 'subhanallah']",1
"['tugas', 'kerja', 'minggu', 'seru']",1
"['lantai', 'unduh', 'bokep', 'rekam', 'video', 'mahasiswi', 'rusak', 'perawan', 'dosen', 'gila', 'ngentot']",-1
"['padat', 'dosen']",1
"['dosen', 'biodata', 'nomor', 'intinyaa', 'dosen', 'dosen', 'tok', 'ya', 'dosen', 'usaha', 'kerja']",-1
"['kanan', 'jam', '5', 'sore', 'pablo', 'kerja', 'tugas', 'bosan']",0
"['lowong', 'polteka', 'mangunwijaya', 'buka', 'lowong', 'kerja', 'dosen', 'farmasi', 'tenggat', '15', 'juli', '2']",0
"['ayo', 'muslim', 'wanita', 'muslim', 'kampus', 'cinta', 'hadir', 'isi', 'rohani', 'man']",1
"['tugas', 'kelar', 'sembuh']",1
"['kampus', 'keren', 'banget', 'fasilitas', 'lengkap']",1
"['tugas', 'minggu', 'seru']",1
"['tugas', 'kuliah', 'kali', 'ribet', 'seru', 'ah']",1
"['narkoba', 'cina', 'dosen', 'cina', 'utang', 'cina', 'energi', 'asing', 'cina', 'periode', 'kurikulum', 'cina', 'salam', 'ganti', 'presiden']",-1
"['selesai', 'ku', 'tugas', 'ii', 'jam', 'tangan', 'ku', 'bts', 'dvd', 'sih', 'xd', 'milik', 'kiri']",0
"['lihat', 'rekam', 'video', 'ayam', 'kampus', 'cantik', 'pamer', 'putih', 'merah', 'memek', 'mulus', 'cek', 'biografi', 'bugil', 'bokep', 'jepang', 'vidio', 'bokep', 'ngentot']",0
"['kanan', 'dang', 'bgitulah', 'dosen', 'dosen', 'zolim', 'bgitulah', 'orang', 'zaman', 'nilai', 'uts', 'asli', '90an', 'inputnya']",-1
"['duh', 'dosen', 'bunuh', 'banget', 'degdegan', 'masuk', 'kelas']",-1
"['kampus', 'keren', 'banget', 'fasilitas', 'lengkap']",1
"['kampus', 'keren', 'banget', 'fasilitas', 'lengkap']",1
"['makan', 'siang', 'ayam', 'kampus', 'jual', 'layan', 'jam', 'tangan', 'bareng', 'jojo', 'alergi', 'kompetisi', 'alergi', 'alergi']",1
"['kampus', 'sepi', 'banget']",0
"['rss', 'main', 'jatuh', 'cinta', 'siswa', 'kuat', 'jerawat', 'seru', 'muncul', 'alas', 'tugas']",1
"['duh', 'tugas', 'kuliah', 'numpuk', 'banget', 'pusing']",-1
"['tugas', 'minggu', 'seru']",1
"['kampus', 'sepi', 'banget']",0
"['ngerjain', 'tugas', 'kuliah', 'tenggat', 'bentar', 'ya', 'ampun']",-1
"['tugas', 'kelar', 'sembuh']",1
"['kawan', 'bisnis', 'studi', 'guru', 'ku', 'jenis', 'gigi', 'hubung', 'kawan', 'a', 'bisnis', 'tugas', 'orang', 'kelas', 'kawan', 'terima', 'kasih', 'tuhan', 'bicara', 'jam', 'tangan', 'televisi', 'alam', 'kawan', 'bunuh', 'kanada']",0
"['tugas', 'kuliah', 'terjemah', '12', 'halaman', 'minggu', 'keluh', 'habis', 'habis', 'hajar', 'terjemah', 'halaman', 'halaman', 'tenggat', 'banding', '12', 'jam', 'motivasi', 'semangat', 'hehe']",1
"['kampus', 'keren', 'banget', 'fasilitas', 'lengkap']",1
"['kelompok', 'tugas', 'bicara', 'bahasa', 'lantan', 'paham']",-1
"['atur', 'bahasa', 'inggris', 'tanggung', 'memberitahukan', 'situasi', 'covid', '19', 'kampus', 'gombak', 'kendali', 'langsung']",-1
"['kampus', 'sepi', 'banget']",0
"['moga', 'pikir', 'timpang', 'hasil', 'rencana', 'dosen', 'gaji', 'rupiah', 'rupiah', 'juta', 'gaji', 'dosen', 'rupiah', 'juta']",1
"['lembaga', 'peringkat', 'gambar', 'lembaga', 'peringkat', 'rilis', 'panggung', 'kampus', 'indonesia', '2021']",0
"['kampus', 'sepi', 'banget']",0
"['kanan', 'paham', 'tugas']",0
"['enak', 'ayam', 'geprek', 'selatan', 'kampus']",1
"['kampus', 'keren', 'banget', 'fasilitas', 'lengkap']",1
"['kampus', 'sepi', 'banget']",0
"['dosen', 'super', 'bantu', 'banget', 'kelas']",1
"['citra', 'kampus', 'akreditasi', 'ruang', 'rapi', 'dulunya', 'dulunya', 'hilang']",-1
"['tugas', 'minggu', 'seru']",1
"['kanan', 'tugas', 'pimpin', 'gunung', 'bahasa', 'indonesia', 'kenya', 'tarung', 'pilih', 'jalan', 'milik', 'tunggu']",0
"['tugas', 'minggu', 'seru']",1
"['tingkat', 'banget', 'hasil', 'ditanyain', 'percaya', 'pikir', 'dosen', 'lihat', 'jadi', 'lapor', 'evaluasi', 'bungkus', 'goreng', 'ditanyain', 'bambang', 'kerja', 'emosi', 'halaman', '2']",-1
"['duh', 'tugas', 'kuliah', 'numpuk', 'banget', 'pusing']",-1
"['syukur', 'tuhan', 'roji', 'hukum', 'lumpur', 'salju', 'salah', 'dosen', 'milik', 'pulang', 'semangat', 'tiru', 'kenal']",-1
"['smt', '12', 'dosen', 'kritik', 'kucing', 'siluman', 'tbtb', 'kangen', 'ajar']",1
"['kanan', 'sayang', 'teman', 'teman', 'dosen', 'tolong', 'gin', 'malu']",-1
"['abdulrahman', 'abdulrazaq', 'gerak', 'oposisi', 'buta', 'kritikus', 'sibuk', 'sih', 'a', 'wajib', 'tugas']",0
"['untuk2', 'mahasiswa', 'tanggal', '03', 'putra', 'masuk', 'alam', 'universitas', 'pilih', 'kolaborasi', 'kapten', 'buka', 'ppv', 'universitas', 'spesial', 'mahasiswa', 'mahasiswa', 'kampus', 'terima', 'vaksin', 'luas', 'mahasiswa', 'tahap']",1
"['kampus', 'sepi', 'banget']",0
"['kampus', 'keren', 'banget', 'fasilitas', 'lengkap']",1
"['posko', 'peduli', 'palu', 'gorontalo', 'kampus', 'gorontalo', 'posko', 'kirim', 'bantu', 'palu']",1
"['tugas', 'minggu', 'seru']",1
"['kampus', 'sepi', 'banget']",0
"['pergi', 'tinggal', 'kampus', 'who']",-1
"['kampus', 'sepi', 'banget']",0
"['tugas', 'kelar', 'sembuh']",1
"['kampus', 'sepi', 'banget']",0
"['tugas', 'kerja', 'minggu', 'seru']",1
"['pulang', 'antar', 'cowok', 'jujur', 'utuh', 'lihat', 'warung', 'kampus', 'enak', 'makan']",-1
"['dosen', 'super', 'bantu', 'banget', 'kelas']",1
"['ken', 'diskusi', 'dosen', 'rajin', 'unggah', 'aktif', 'mahasiswa', 'daftar', 'ajar', 'ntar2', 'sambung', 'universitas', 'cina', 'rusia', 'bahas', 'salah2', 'bangkang', 'buka', 'cakrawala', 'pikir', 'duduk']",1
"['kanan', 'besok', 'jumat', 'berkah', 'bagibagi', 'dimsum', '3porsi', '20', 'organisasi', 'kriteria', '1', 'lajang', 'induk', '2', 'guru', 'dosen']",1
"['kontroversi', 'tugas', 'aduh', 'hahahha']",-1
"['layan', 'tugas', 'lihat', 'film', 'netflix', 'ajar', 'ha', 'undang', 'lembut', 'bulat']",1
"['kanan', 'sungguh', 'paham', 'tugas']",1
"['kanan', 'pipa', 'berani', 'nyuruh', 'dosen']",0
"['bukti', 'kampus', 'rakyat', 'kampus', 'pikir', 'jamban']",1
"['kanan', 'pipa', 'berani', 'nyuruh', 'dosen']",0
"['kampus', 'sepi', 'banget']",0
"['ngerjain', 'tugas', 'kuliah', 'tenggat', 'bentar', 'ya', 'ampun']",-1
"['cinta', 'paham', 'cerca', 'dosen', 'indonesia', 'tuh']",1
"['dosen', 'super', 'bantu', 'banget', 'kelas']",1
"['sekian', 'terima', 'cinta', 'lari', 'tugas', 'komite', 'wakil', 'kampus', 'melati', 'universitas', 'islam', 'kampus', 'puncak', 'perdana', 'menteri', 'sih']",1
"['kanan', 'tugas']",1
"['tugas', 'miskin']",-1
"['terima', 'cinta', 'dosen', 'terima', 'kasih', 'orang', 'kritik', 'parah', 'teman', 'terima', 'kasih', 'orang', 'ganggu', 'hidup', 'raja']",0
"['simpan', 'kampus', 'alas', 'simpan', 'laku', 'teror', 'negara', 'kapolri', 'tawar', 'fh', 'bahasa', 'inggris', 'gar', 'penggrebekan', 'laku', 'teroris', 'tegang', 'aktivis']",-1
"['asrama', 'ipg', 'kampus', 'tertawa', 'jalan', 'tulang', 'sabah']",0
"['bukber', 'taman', 'kampus', 'rumah', 'taman', 'bilang', 'untung', 'puasa', 'sabar', 'diam', 'pilih', 'rumah', 'teman', '1', 'orang']",-1
"['kampus', 'seminar', 'hasil', 'temu', 'bahasa', 'inggris', 'kluyuran', 'ben', 'pikir', 'a']",0
"['lapang', 'ya', 'kampus', 'laboratorium', 'mineralogi', 'batu', 'injak']",0
"['tugas', 'minggu', 'seru']",1
"['tugas', 'minggu', 'seru']",1
"['tugas', 'minggu', 'seru']",1
"['duh', 'tugas', 'kuliah', 'numpuk', 'banget', 'pusing']",-1
"['dosen', 'super', 'bantu', 'banget', 'kelas']",1
"['kampus', 'keren', 'banget', 'fasilitas', 'lengkap']",1
"['6tugas', 'main', 'deh', 'kucing', 'ruang', 'ruang', 'tamu', 'tutup', 'sekolah', 'h']",0
"['jalan', 'setapak', 'tok', 'dosen', 'gue', 'resimen', 'kelelawar']",-1
"['susun', 'tugas', 'sinting', 'lengan', 'kemeja']",1
"['tugas', 'minggu', 'seru']",1
"['susun', 'tugas', 'sinting', 'lengan', 'kemeja']",1
"['kampus', 'keren', 'banget', 'fasilitas', 'lengkap']",1
"['kontak', 'tugas', 'karang', 'bantu', 'layan']",0
"['tugas', 'kuliah', 'kali', 'ribet', 'seru', 'ah']",1
"['kelompok', 'tugas', 'pajak', 'bebas', 'putri', 'nadia', 'bodoh', 'kelas', 'b', 'sksksk', 'kelas', 'sih', 'apedehal', 'h']",0
"['kampus', 'sepi', 'banget']",0
"['sahabat', 'milik', 'nya', 'milik', 'tugas']",0
"['pita', 'beli', 'pergi', 'xxxd', 'ongkos', 'kirim', 'pakai', 'kaki', 'jalan', 'menit', 'kampus', 'makan', 'cari', 'makan', 'harga', 'lumayan', 'ribu', 'telur', 'dadar', 'ayam', 'lindung', 'sayur', 'tumis', 'kacang', 'kawan', 'lumayan']",1
"['aneh', 'survei', 'bawa', 'utang', 'kampus', 'perahu', 'kayak', 'ah', 'luhut', 'bawa', 'lembaga', 'teknologi', 'bandung', 'dukung', 'reklamasi', 'cebong', 'hehe']",-1
"['kampus', 'sepi', 'banget']",0
"['tugas', 'minggu', 'seru']",1
"['perhati', 'murid', 'kampus', 'anak', 'lahir', 'negara', 'selangor', 'jamin']",1
"['ya', 'tambun']",0
"['kampus', 'keren', 'banget', 'fasilitas', 'lengkap']",1
"['kampus', 'sepi', 'banget']",0
"['sabar', 'a', 'dagang', 'sih', 'negara', 'adikuasa', 'sih', 'tugas', 'tunggu', 'sempurna', 'atur', 'kena', 't', 'paksa', 'dagang', 'milik', 'atur', 'amerika', 'mimpi', 'jual', 'beli', 'masyarakat', 'biar', 'sih', 'kuasa', 'sabar']",0
"['ngerjain', 'tugas', 'kuliah', 'tenggat', 'bentar', 'ya', 'ampun']",-1
"['kampus', 'sepi', 'banget']",0
"['duh', 'tugas', 'kuliah', 'numpuk', 'banget', 'pusing']",-1
"['kanan', 'sungguh', 'paham', 'tugas']",1
"['tugas', 'minggu', 'seru']",1
"['tugas', 'minggu', 'seru']",1
"['duh', 'tugas', 'kuliah', 'numpuk', 'banget', 'pusing']",-1
"['kampus', 'sepi', 'banget']",0
"['tugas', 'minggu', 'seru']",1
"['pesan', 'sederhana', 'kait', 'dasar', 'pribadi', 'pandang', 'orientasi', 'a', 'keras', 'tugas', 'ular', 'a', 'politik', 'dunia', 'pesan', 'populasi', 'kuat', 'waspada']",0
"['dosen', 'super', 'bantu', 'banget', 'kelas']",1
"['batang', 'indak', 'duduk', 'bahas', 'tugas', 'arti', 'bahas', 'bahas', 'utama', 'telepon']",0
"['tugas', 'kerja', 'minggu', 'seru']",1
"['tolong', 'periksa', 'garis', 'batu', 'jernih', 'tugas', 'main', 'kerdil', 'terima']",1
"['duh', 'tugas', 'kuliah', 'numpuk', 'banget', 'pusing']",-1
"['ngerjain', 'tugas', 'kuliah', 'tenggat', 'bentar', 'ya', 'ampun']",-1
"['moga', 'allah', 'mudah', 'bisnis', 'kuat', 'orang', 'tekan', 'cerita', 'pasal', 'tugas']",1
"['kanan', 'pohon', 'cemara', 'berani', 'nyuruh', 'dosen']",0
"['tugas', 'minggu', 'seru']",1
"['1', 'forum', 'mikrofon', 'mati', '2', 'kampus', 'ancam', 'lulus', '3', 'jalan', 'dihadang', 'aparat', '4', 'media', 'sosial', 'ancam']",-1
"['tugas', 'kelar', 'sembuh']",1
"['kemarin', 'kampus', 'anak', 'kambing', 'nyebrang', 'eh', 'kambing', 'b', 'nyebrang', 'histeris', 'takut', 'tabrak']",-1
"['tugas', 'minggu', 'seru']",1
"['tuh', 'angka', '0', '5', '50', 'pikir', 'lu', 'anjing', 'anjing', 'terima', 'nilai', 'pergi', 'perahu', 'kayak', 'gambar', 'pergi', 'bilang', 'b', 'bahasa', 'inggris', 'kelas', 'nyerbu', 'pimpin', 'kelas', 'komputer', 'dosen', 'badai', 'kelompok', 'kelas', 'pimpin', 'kls']",=1
"['tugas', 'minggu', 'seru']",1
"['tugas', 'kelar', 'sembuh']",1
"['butuh', 'bantu', 'tugas']",0
"['kanan', 'sih', 'a', 'kelompok', 'tugas', 't']",0
"['dosen', 'super', 'bantu', 'banget', 'kelas']",1
"['dosen', 'super', 'bantu', 'banget', 'kelas']",1
"['tugas', 'minggu', 'seru']",1
"['kanan', 'sungguh', 'paham', 'tugas']",1
"['dosen', 'ekonomi', 'digital', 'kagum', 'program', 'ekonomi', 'mahasiswa', 'mari', 'dukung', 'capres', 'membedain', 'ekonomi', 'mikro', 'makro', 'jokowi', 'gambar', 'twitter', 'ymhnggx8nndalam', 'dosen', 'ekonomi', 'digital', 'kagum', 'program', 'ekonomi', 'mahasiswa', 'mari', 'dukung', 'capres', 'membedain', 'ekonomi', 'mikro', 'makro', 'jokowi', 'gambar', 'twitter', 'ymhnggx8nndalam', 'dosen', 'ekonomi', 'digital', 'kagum', 'program', 'ekonomi', 'jokowi', 'mahasiswa', 'mari', 'dukung', 'capres', 'membedain', 'ekonomi', 'mikro', 'makro', 'jokowi', 'dosen', 'ekonomi', 'digital', 'kagum', 'program', 'ekonomi', 'jokowi', 'mahasiswa', 'mari', 'dukung', 'capres', 'membedain', 'ekonomi', 'mikro', 'makro', 'jokowi', 'dosen', 'ekonomi', 'digital', 'kagum', 'program', 'ekonomi', 'jokowi', 'mahasiswa', 'mari', 'dukung', 'capres', 'membedain', 'ekonomi', 'mikro', 'makro', 'jokowi', 'dosen', 'ekonomi', 'digital', 'kagum', 'program', 'ekonomi', 'jokowi', 'mahasiswa', 'mari', 'dukung', 'capres', 'membedain', 'ekonomi', 'mikro', 'makro', 'jokowi', 'dosen', 'ekonomi', 'digital', 'kagum', 'program', 'ekonomi', 'jokowi', 'mahasiswa', 'mari', 'dukung', 'capres', 'membedain', 'ekonomi', 'mikro', 'makro', 'jokowi', 'dosen', 'ekonomi', 'digital', 'kagum', 'program', 'ekonomi', 'jokowi', 'mahasiswa', 'mari', 'dukung', 'calon', 'presiden', 'membedain', 'ekonomi', 'mikro', 'makro', 'jokowi', 'dosen', 'ekonomi', 'digital', 'kagum', 'program', 'ekonomi', 'jokowi', 'mahasiswa', 'mari', 'dukung', 'calon', 'presiden', 'membedain', 'ekonomi', 'mikro', 'makro', 'jokowidosen', 'ekonomi', 'digital', 'kagum', 'program', 'ekonomi', 'jokowi', 'mahasiswa', 'mari', 'dukung', 'calon', 'presiden', 'membedain', 'ekonomi', 'mikro', 'makro', 'jokowidosen', 'ekonomi', 'digital', 'kagum', 'program', 'ekonomi', 'jokowi', 'mahasiswa', 'mari', 'dukung', 'calon', 'presiden', 'membedain', 'ekonomi', 'mikro', 'makro', 'jokowidosen', 'ekonomi', 'digital', 'kagum', 'program', 'ekonomi', 'jokowi', 'mahasiswa', 'mari', 'dukung', 'calon', 'presiden', 'membedain', 'ekonomi', 'mikro', 'makro', 'jokowidosen', 'ekonomi', 'digital', 'kagum', 'program', 'ekonomi', 'jokowi', 'mahasiswa', 'mari', 'dukung', 'calon', 'presiden', 'membedain', 'ekonomi', 'mikro', 'makro', 'jokowi', 'dosen', 'ekonomi', 'digital', 'kagum', 'program', 'ekonomi', 'jokowi', 'mahasiswa', 'mari', 'dukung', 'calon', 'presiden', 'membedain', 'ekonomi', 'mikro', 'makro', 'jokowi']",1
"['tugas', 'kerja', 'minggu', 'seru']",1
"['kalifornia', 'sekolah', 'salib', 'garis', 'aneh', 'tugas']",0
"['allah', 'tugas', 'rekam', 'video', 'laboratorium', 'lapor', 'drama', 'korea']",-1
"['teratai', 'biskuit', 'premi', 'banjir', 'kue', 'kering', 'beli', '2', 'rm3', 'mati', 'tugas', 'putra', 'makan', 'benda', 'manis', 'garing', 'coklat', 'keping', 'leleh', 'mulut', 'coba', 'kue', 'kering', 'jual', 'ikan', 'kod', 'daerah', 'gombak', 'kalo', 'bebas', 'kirim', 'tokopedia']",0
"['kampus', 'sepi', 'banget']",0
"['kanan', 'markhyuck', 'pendek', 'dijodohin', 'dosen', 'galak', '45']",0
"['kampus', 'atur', 'kedip', 'laksana', 'ajaib', 'murid', 'staf', 'staf', 'keluarga', 'gaul', 'anggota2', 'murid', 'isap', 'main', 'taman', 'kanak', 'kanak', 'pakai', 'kabel']",-1
"['negara', 'jerat', 'utang', 'cerdas', 'boros', 'ganti', 'presiden', 'presiden', 'mes', 'anggar', 'rupiah', 'gaji', 'dosen', 'asing']",-1
"['tetangga', 'belah', 'rumah', 'dosen', 'salah', 'universitas', 'pribadi', 'raya', 'banget', 'mobil', 'nomor', 'mahasiswa', 's2', 'milik', 'kejar', 'angka', 'kejar', 'gairah', 'omong', 'tambak', 'selesai', 'bisnis', 'ekspor', 'rumput', 'laut', 'korea']",1
"['dokter', 'nurhamimah', 'binti', 'zainal', 'diam', 'ajar', 'ajar', 'biologi', 'universitas', 'islam', 'kampus', 'kuala', 'sortir', 'memperkenalka', 'anjing', 'menit', 'buruk', 'murid', 'kirim', 'tugas', 'menit']",0
"['aman', 'jalan', 'semester', 'siswa', 'guru', 'ipg', 'ipg', 'kampus', 'pulau', 'pinang', 'bahasa', 'indonesia', 'nelson']",1
"['kampus', 'keren', 'banget', 'fasilitas', 'lengkap']",1
"['baca', 'yasin', 'anak', 'laki', 'kampus', 'pahang', 'moga', 'hantu', 'lingkar', 'orang', 'amin']",1
"['kampus', 'sepi', 'banget']",0
"['madah', 'makhluk', 'ajar', 'sorg2', 'air', 'makan', 'untung', 'tugas']",1
"['mati', 'dosen', 'ha', 'ha']",-1
"['kampus', 'keren', 'banget', 'fasilitas', 'lengkap']",1
"['tugas', 'kelar', 'sembuh']",1
"['tugas', 'minggu', 'seru']",1
"['tugas', 'minggu', 'seru']",1
"['kanan', 'pipa', 'berani', 'nyuruh', 'dosen']",0
"['terima', 'kasih', 'dosen', 'ngejelasin', 'materi', 'sabar']",1
"['murid', 'izin', 'batas', 'kampus', 'eh', 'tiber', 'kluster', 'kampus', 'salah', 'murid', 'murid', 'who']",-1
"['gelar', 'guru', 'palsu', 'lucu', 'gelar', 'guru', 'eh', 'bongkar', 'dosen', 'staf', 'gila', 'keburu', 'cinta', 'ilmu', 'palsu', 'gendeng']",-1
"['tugas', 'minggu', 'seru']",1
"['kampus', 'sepi', 'banget']",0
"['kampus', 'sepi', 'banget']",0
"['alumni', 'praktek', 'kampus', 'ijin', 'harusnyakan', 'ijin', 'lulus', 'pakai', 'fasilitas', 'negara', 'bahasa', 'inggris', 'otoritas', 'kampus']",-1
"['mega', 'utus', 'malaysia', 'april', 'politik', 'beli', 'utus', 'malaysia', 'langgan', 'islam', 'muslim', 'alquran', 'keluarga', 'wanita', 'sehat', 'hibur', 'artis', 'budaya', 'sains', 'teknologi', 'alam', 'alumni', 'kampus', 'universitas', 'wira', 'tentara', 'polisi']",1
"['dosen', 'lihat', 'asli']",1
"['nomor', 'jadwal', 'uji', 'semester', 'tanggal', 'mei', 'milik', 'protes', 'utang', 'mahasiswa', 'tua', 'lihat', 'jadwal', 'uji', 'semester', 'kampus', 'bora', 'diam', 'singgung', 'jadwal', 'uji']",1
"['dosen', 'uji', 'koneksi', 'teori', 'variabel', 'skripsi', 'gelisah', 'bisnis', 'hak', 'a']",-1
"['bahan', 'jiwa', 'kampus', 'sedih', 'ah', 'sedih', 'gagal', 'kemarin', 'cepat', 'cepat', 'gerak', 'cari', 'kampus', 'negara', 'buka', 'daftar']",-1
"['tugas', 'kelar', 'sembuh']",1
"['2', 'minggu', 'ku', 'tugas', 'serah', 'tenggat', 'salah', 'tunda', 'tanggap', 'tindak', 'masuk', 'ku', 'tugas', 'pergi', 'hilang', 'tanda', 'universitas', 'juang', 'eh']",1
"['tugas', 'kerja', 'minggu', 'seru']",1
"['revisi', 'teliti', 'lapang', 'bab', 'data', 'salah', 'hotel', 'jogja', 'ganggu', 'dosen', 'uji', 'jogja', 'nanyain', 'data', 'kayak', 'doang', 'plus', 'informanya', 'hubungin', 'ken', 'lari', 'tanggung']",-1
"['kanan', 'mode', 'tugas', 'siku', 'erti', 'situasi']",0
"['duh', 'tugas', 'kuliah', 'numpuk', 'banget', 'pusing']",-1
"['peprus', 'kampus', 'rem', 'jakarta', 'kuat', 'bandung', 'kakak', 'legenda', 'kampus']",-1
"['kampus', 'sepi', 'banget']",0
"['dosen', 'super', 'bantu', 'banget', 'kelas']",1
"['cetak', 'fotostat', 'rumah', 'cetak', 'surat', 'pohon', 'pdpr', 'anak', 'anak', 'tugas', 'kertas', 'lain2', 'ukur', 'a4', 'hitam', 'kuat', 'putih', 'syah', 'alam', 'ikan', 'kod', 'kwh', 'pos', 'hasil']",0
"['dosen', 'gua', 'nomor', 'selesai', 'kuat', 'revisi', 'bahasa', 'inggris', 'tinggal', 'jilid']",1
"['tugas', 'kelar', 'sembuh']",1
"['kampus', 'sepi', 'banget']",0
"['pekan', '11', 'siswa', 'kerja', 'keras', 'mulus', 'kejar', 'jatuh', 'tempo', 'tanggal', 'tugas', 'ajar', 'tas']",0
"['tugas', 'kelar', 'sembuh']",1
"['kanan', 'mode', 'tugas', 'siku', 'erti', 'situasi']",0
"['tugas', 'kelar', 'sembuh']",1
"['favorit', 'kuliah', 'main', 'dosen', 'favorit']",1
"['alamat', 'bagus', '28', 'bangun', 'asosiasi', 'murid', 'universitas', 'islam', 'melaka', 'kampus', 'melati', 'jeruk', 'nipis', '77300', 'melaka']",0
"['terima', 'kasih', 'dosen', 'ngejelasin', 'materi', 'sabar']",1
"['diploma', 'kampus', 'batu', 'pahat', 'ab107', 'diploma', 'manusia', 'sumber', 'kelola', 'r', '345', '4', '0042', 'tanggal', '03', '2025', 'mqa', 'rumah', '5']",0
"['kanan', 'pipa', 'berani', 'nyuruh', 'dosen']",0
"['tugas', 'kelar', 'sembuh']",1
"['kampus', 'sepi', 'banget']",0
"['kampus', 'sepi', 'banget']",0
"['minum', 'udara', 'hangat']",0
"['ngerjain', 'tugas', 'kuliah', 'tenggat', 'bentar', 'ya', 'ampun']",-1
"['berangkat', 'halaman', '2', 'ajar', 'selai', '10', 'langsung', 'langgan', 'kampus', 'sen', 'gojek', '3kali', 'dokter', 'sekolah', 'pegang', 'jalur', 'bus', 'panas2', 'terik', 'macet', 'jalan', 'bahasa', 'inggris', 'tilang', 'tj', 'syukur', 'duduk', '2jam', 'jalan', 'burung', 'macan']",1
"['kanan', 'pipa', 'berani', 'nyuruh', 'dosen']",0
"['kanan', 'anggar', 'atk', 'menteri', 'sufmi', 'dasco', '44', 't', 'rupiah', 'anggar', 'asn', 'dosen', 'butuh', '28', 't']",0
"['dosen', 'super', 'bantu', 'banget', 'kelas']",1
"['kampus', 'sepi', 'banget']",0
"['duh', 'dosen', 'bunuh', 'banget', 'degdegan', 'masuk', 'kelas']",-1
"['peristiwa', 'dahliah', 'tangan', 'juang', 'tugas', 'alas']",1
"['tugas', 'minggu', 'seru']",1
"['ngechat', 'bahasa', 'indonesia', 'rw', 'kenal', 'perahu', 'kayak', 'mahasiswa', 'dosen', 'burung']",0
"['tugas', 'minggu', 'seru']",1
"['tugas', 'kelar', 'sembuh']",1
"['pergi', 'peluk', 'bicara', 'hadap', 'gua', 'rumah', 'gua', 'seranta', 'kampus', 'pocong']",1
"['kanan', 'haiasoh', 'hai', 'paham', 'tugas', 'main', 'salah', 'padat', 'taktik', 'tembak']",-1
"['dosen', 'super', 'bantu', 'banget', 'kelas']",1
"['perhati', 'kampus', 'kali', 'aksi', 'demonstrasi', 'lawan', 'tuntut', 'soeharto', 'kalah', 'kampus', 'gencar', 'aksi', 'demonstrasi', 'henti', 'trisakti', 'atma', 'jaya', 'universitas', 'tarumanegara', 'universitas', 'kristen', 'uki', 'kampus', 'afiliasi', 'csis', 'elite', 'saudari']",1
"['5', 'triliun', '142', 'hektar', 'kampus', 'referensi', 'islam', 'dunia', 'kelas', 'alazhar', 'proyek', 'ponpes', 'madrasah', 'masjid', 'fasilitas', 'ummat', 'kalo', 'nomor']",-1
"['kampus', 'sepi', 'banget']",0
"['terima', 'kasih', 'dosen', 'ngejelasin', 'materi', 'sabar']",1
"['manusia', 'media', 'pengin', 'baca', 'berita', 'lgsng', 'baca', 'komentar', 'seru', 'fadli', 'zona', 'ragu', 'orang', 'duga', 'teroris', 'aman', 'kampus', 'unri', 'gedung', 'dpr', 'dprd', 'target', 'bom']",1
"['terima', 'kasih', 'dosen', 'ngejelasin', 'materi', 'sabar']",1
"['putus', 'smt', '5', 'pilih', 'rina', 'dosen', 'lapor']",0
"['kampus', 'sepi', 'banget']",0
"['kampus', 'sepi', 'banget']",0
"['tugas', 'kelar', 'sembuh']",1
"['duh', 'tugas', 'kuliah', 'numpuk', 'banget', 'pusing']",-1
"['toklh', 'tidur', 'milik', 'pasal', 'tugas']",0
['tangan'],0
"['dosen', 'super', 'bantu', 'banget', 'kelas']",1
"['tugas', 'daki', 'gunung']",0
"['dosen', 'super', 'bantu', 'banget', 'kelas']",1
"['goreng', 'saran', 'tugas', 'dosen', 'toleransi', 'agama', 'pilih', 'kepala', 'daerah', 'kitab', 'suci', 'bantu', 'teman']",1
"['kanan', 'sungguh', 'paham', 'tugas']",1
"['matkul', 'nilai', 'bayang', 'dosen', 'dosen', 'ayo']",-1
"['ah', 'nih', 'dosen', 'panggil', 'doa', 'rusak', 'cerocos', 'mulu', 'kera']",-1
"['kanan', 'besok', 'jumat', 'berkah', 'bagibagi', 'dimsum', '3porsi', '20', 'organisasi', 'kriteria', '1', 'lajang', 'induk', '2', 'guru', 'dosen']",1
"['terima', 'kasih', 'dosen', 'ngejelasin', 'materi', 'sabar']",1
"['tugas', 'kelar', 'sembuh']",1
"['promosi', 'kampus', 'kuning', 'eh', 'wkwkwk']",1
"['ngerjain', 'tugas', 'kuliah', 'tenggat', 'bentar', 'ya', 'ampun']",-1
"['anies', 'berang', 'berang', 'gede', 'realisasi', 'janji', 'korupsi', 'dosen', 'bajing']",-1
"['tugas', 'minggu', 'seru']",1
"['dosen', 'super', 'bantu', 'banget', 'kelas']",1
"['kampus', 'sepi', 'banget']",0
"['pergi', 'alas', 'pergi', 'sibuk', 'tugas', 'on', 'line', 'bilang', 'lihat', 'catat', 'tampil', 'pergi', 'gatal']",0
"['tugas', 'kelar', 'sembuh']",1
"['kampus', 'keren', 'banget', 'fasilitas', 'lengkap']",1
"['nomor', 'jadwal', 'tanggal', '25', 'mei', 'milik', 'protes', 'nama', 'mahasiswa', 'tua', 'lihat', 'jadwal', 'kampus', 'boro', 'boro', 'diam', 'singgung', 'jadwal', 'tes']",1
"['duh', 'tugas', 'kuliah', 'numpuk', 'banget', 'pusing']",-1
"['ngerjain', 'tugas', 'kuliah', 'tenggat', 'bentar', 'ya', 'ampun']",-1
"['nang', 'langit', 'tugas', 'tutup', 'twitter', 'sesuai', 'ha', 'ha', 'ha', 'ha']",-1
"['revisi', 'teliti', 'lapang', 'bab', 'data', 'salah', 'hotel', 'jogja', 'ganggu', 'dosen', 'uji', 'jogja', 'nanyain', 'data', 'kayak', 'doang', 'plus', 'informanya', 'hubungin', 'ken', 'lari', 'tanggung']",1
"['kanan', 'konsep', 'tuhan', 'mode', 'bahasa', 'inggris', 'paham', 'tugas']",0
"['kanan', 'laku', 'tugas']",0
"['tugas', 'minggu', 'seru']",1
"['ah', 'ya', 'penuh', 'air', 'mata', 'lihat', 'who', 'teman', 'teman', 'cerita', 'tekan', 'tugas', 'pribadi', 'tinggal', 'allah', 'tinggal', 'kuat', 'terakhir2', 'pekan', 'kejar', 'serah', 'kanan', 'kerja', 'individu', 'tugas', 'cuek', 'cuek', 'balap', 'ayam', 'jantan', 'tugas']",-1
"['dengar', 'dosen', 'ajar', 'kelas', 'variabel', 'harga', '3', 'kalo', 'ah', 'jadi', '2', 'rangin', 'utang', 'celah']",0
"['ngerjain', 'tugas', 'kuliah', 'tenggat', 'bentar', 'ya', 'ampun']",-1
"['terima', 'kasih', 'dosen', 'ngejelasin', 'materi', 'sabar']",1
"['perahu', 'kayak', 'lelah', 'habis', 'dikabarin', 'telat', 'transfer', 'sisi', 'butuh', 'yaudah', 'balas', 'gapapa', 'santai', 'eh', 'mashaallah', 'malam', 'tbtb', 'rezeki', 'masuk', 'transfer', 'dosen']",1
"['kanan', 'mode', 'tugas', 'ellemen', 'erti', 'situasi']",0
"['kampus', 'sepi', 'banget']",0
"['ngerjain', 'tugas', 'kuliah', 'tenggat', 'bentar', 'ya', 'ampun']",-1
"['ngerjain', 'tugas', 'kuliah', 'tenggat', 'bentar', 'ya', 'ampun']",-1
"['dosen', 'mobil', 'bahasa', 'inggris']",-1
"['sibuksibuknya', 'dosen', 'bimbing', 'galak', 'nih', 'sibuk', 'tunas']",1
"['terima', 'kasih', 'dosen', 'ngejelasin', 'materi', 'sabar']",1
"['tugas', 'kelar', 'sembuh']",1
"['asrama', 'ipg', 'kampus', 'tawau', 'jalan', 'tulang', 'sabah']",1
"['tugas', 'kelar', 'sembuh']",1
"['duh', 'tugas', 'kuliah', 'numpuk', 'banget', 'pusing']",-1
"['komisi', 'buka', 'karang', 'puisi', 'pidato', 'lisan', 'puisi', 'posisi', 'kertas', 'reaksi', 'cermin', 'film', 'jurnal', 'tinjau', 'ncp', 'ajar', 'pidato', 'logo', 'argumentatif', 'rrl', 'riset', 'poster', 'infografis', 'klien', 'bahasa', 'inggris', 'tugas', 'slogan', 'bahasa', 'riset', 'ncp', 'sains', 'bahasa', 'inggris', 'awat', 'peduli']",0
"['kampus', 'sepi', 'banget']",0
"['kanan', 'pipa', 'berani', 'nyuruh', 'dosen']",0
"['kanan', 'milik', 'tugas']",0
"['mega', 'warna', 'merah', 'utus', 'malaysia', 'april', 'politik', 'beli', 'utus', 'malaysia', 'langgan', 'islam', 'muslim', 'alquran', 'keluarga', 'wanita', 'sehat', 'hibur', 'artis', 'budaya', 'sains', 'teknologi', 'alam', 'alumni', 'kampus', 'universitas', 'wira', 'tentara', 'polisi']",1
"['eh', 'halo', 'tangan', 'milik', 'tugas', 'bodoh', 'korg', 'seru', 'keluh', 'punya2', 'ajar', 'pon', 'adek', 'kene', 'belanja', 'tanda', 'kera', 'korg', 'pikir', 'ajar', 'sulit', 'hidup', 'korg', 'kera', 'siswa', 'eh', 'hidup', 'sulit', 'organisasi', 'sulit', 'hidup', 'siswa']",-1
"['jatuh', 'tempo', 'tanggal', '19', 'juli', 'tugas', 'goyang2', 'duluannn', 'enak']",0
"['mahasiswa', 'aktif', 'giat', 'kampus', 'obrol']",1
"['paham', 'paham', 'dosen']",0
"['kampus', 'sepi', 'banget']",0
"['kampus', 'sepi', 'banget']",0
"['istirahat', 'berita', 'mohon', 'perintah', 'masuk', 'kait', 'hukum', 'indonesia', 'bebas', 'kuat', 'pulih', 'utang', 'warga', 'negara', 'indonesia', 'vonis', 'penjara', 'agama', 'dosen', 'kitab', 'suci']",1
"['suasana', 'hati', 'penuh', 'cepat', 'tugas', 'hujan', 'tebal', 'cuaca', 'tidur']",1
"['kampus', 'sepi', 'banget']",0
"['kuliah', 'bohong', 'dosen', 'fakultas', 'besok', 'lulus', 'kuliah', 'pimpin', 'negara', 'tung', 'presiden', 'anak', 'anak', 'dosen']",1
"['ayam', 'jenis', 'laris', 'ayam', 'kampus', 'harga', 'fantastis', 'kualitas', 'incar', 'sayang', 'canggung', 'ayah', 'kota']",1
"['kampus', 'keren', 'banget', 'fasilitas', 'lengkap']",1
"['kanan', 'teman', 'tolong', 'bantu', 'ku', 'tugas', 'kena', 'animasi', 'google', 'bentuk', 'survei', 'milik', '13', 't']",0
"['kampus', 'keren', 'banget', 'fasilitas', 'lengkap']",1
"['duh', 'tugas', 'kuliah', 'numpuk', 'banget', 'pusing']",-1
"['kampus', 'keren', 'banget', 'fasilitas', 'lengkap']",1
"['tugas', 'kelar', 'sembuh']",1
"['tugas', 'kelar', 'sembuh']",1
"['dosen', 'super', 'bantu', 'banget', 'kelas']",1
"['program', 'pikir', 'sehat', 'bicara', 'rekomendasi', 'komite', 'wakil', 'kampus', 'jpk', 'universitas', 'islam', 'cabang', 'negara', 'sembilan', 'kampus', 'kelompok', 'panel', 'spesial', 'tn', 'nasrullah', 'sampah', 'zainal', 'diam', 'tugas', 'psikologi', 'universitas', 'islam', 'kampus', 'kelompok']",1
"['kanan', 'abdulrahman', 'abdulrazaq', 'gerak', 'oposisi', 'buta', 'kritikus', 'sibuk', 'sih', 'a', 'wajib', 'tugas', 'benda']",0
"['duh', 'tugas', 'kuliah', 'numpuk', 'banget', 'pusing']",-1
"['deket2', 'kenal', 'kampus', 'tembaga', 'kelompok', 'gue', 'langsung', 'gue', 'takut', 'dengar', 'notif', 'kelompok', 'getar', 'masuk', 'pesan', 'huhu']",-1
"['kampus', 'surabaya', 'universitas', 'putra', 'bangsa']",0
"['tugas', 'minggu', 'seru']",1
"['kampus', 'gue', 'isi', 'lahir']",1
"['duh', 'tugas', 'kuliah', 'numpuk', 'banget', 'pusing']",-1
"['ajar', 'tugas', 'menit', 'tes', 'ulang', 'kelas', 'minggu', 'main', 'kadang2', 'tes', 'adik', '2', 'tinggal', 'kerja', 'tugas', 'pergi', 'habis2', 'garis', 'kadang2', 'kacau', 'tes', 'pekan', 'tuju', 'murid', 'main', 'istirahat']",-1
"['sakit', 'cinta', 'kabar', 'dosen']",-1
"['hai', 'ipg', 'kampus', 'dahi', 'sabah', 'semenanjung', 'dm', 'sayaaa', 'tahu2']",1
"['dosen', 'super', 'bantu', 'banget', 'kelas']",1
"['benda', 'pikir', 'kerjaa', 'lambat', 'tugas', 'ragu', 'putra', 'pikir', 'canggung']",-1
"['benda', 'organisasi', 'tugas', 'kirim', 'kau', 'hidup', 'kau', 'aman', 'kerja', 'hidup', 'organisasi', 'aman', 'anjayy']",-1
"['tugas', 'kerja', 'minggu', 'seru']",1
"['tugas', 'minggu', 'seru']",1
"['hilang', '2', 'teman', 'minggu', '1', 'teman', 'kampus', '1', 'teman', 'kawan', 'juang', 'serius', '2020', 'pekan', 'kuat', 'kabar', 'kalah', 'organisasi2', 'hati', 'kuat', 'organisasi2', 'cinta']",1
"['kampus', 'sepi', 'banget']",0
"['milik', 'tugas', 'steker', 'sedia', 'jempol', 'dokumen', 'jatuh', 'tempo', 'esai', 'matematika', 'kelas', 'diskusi']",0
"['kampus', 'sepi', 'banget']",0
"['kritik', 'anies', 'cinta', 'kuliah', 'bagus', 'dukung', 'anies', 'dosen', 'profesor', 'kepala', 'sekolah', 'gubernur']",1
"['tugas', 'minggu', 'seru']",1
"['yayasan', 'kampus', 'bangun', 'dasar', 'dasar', 'agama', 'katolik', 'kristen', 'terima', 'murid', 'agama', 'hehe']",1
"['google', 'main', 'sik', 'bantu', 'mimpi', 'tugas', 'tok']",0
"['dosen', 'super', 'bantu', 'banget', 'kelas']",1
"['kampus', 'keren', 'banget', 'fasilitas', 'lengkap']",1
"['kampus', 'sepi', 'banget']",0
"['tugas', 'kelar', 'sembuh']",1
"['dosen', 'kelompok', '3', 'dimensi', 'serdos', 'alias', 'gaji', 'tunjang', 'fungsional', '5', 'juta']",0
"['terima', 'kasih', 'dosen', 'ngejelasin', 'materi', 'sabar']",1
"['dosen', 'super', 'bantu', 'banget', 'kelas']",1
"['kampus', 'keren', 'banget', 'fasilitas', 'lengkap']",1
"['tugas', 'kerja', 'minggu', 'seru']",1
"['kampus', 'keren', 'banget', 'fasilitas', 'lengkap']",1
"['duh', 'tugas', 'kuliah', 'numpuk', 'banget', 'pusing']",-1
"['kanan', 'mode', 'tugas', 'siku', 'erti', 'situasi']",0
"['tugas', 'minggu', 'seru']",1
"['tugas', 'minggu', 'seru']",1
"['jatuh', 'kampus', 'baskoro', 'mata', 'sipit', 'singa', 'buka', 'kejut', 'masuk', 'anak', 'teman', 'b']",1
"['utama', 'kampus', 'rakyat', 'eh', 'gadeng']",-1
"['jends', 'pwt', 'penasaran', 'nilai', 'uts', 'ngaruh', 'bgitulah', 'ipk', 'tolong', 'orang', 'logis', 'akun', 'tranparantasi', 'nilai', 'dosen', 'maaf', 'tn']",0
"['kampus', 'sepi', 'banget']",0
"['kanan', 'sungguh', 'paham', 'tugas']",1
"['kampus', 'keren', 'banget', 'fasilitas', 'lengkap']",1
"['kanan', 'gq', 'editornim', 'erti', 'tugas']",0
"['kelompok', 'tugas', 'main', 'rumit', 'gin', 'tendang', 'utang', 'mustahil', 'bangga', 'huhu']",-1
"['kampus', 'keren', 'banget', 'fasilitas', 'lengkap']",1
"['duh', 'tugas', 'kuliah', 'numpuk', 'banget', 'pusing']",-1
"['kampus', 'kabar', 'mengerjutkan', 'aman', 'jalan', 'libra', 'moga', 'amal', 'puja']",0
"['simpul', 'tugas', 'tumpuk']",0
"['kalo', 'dosen', 'kalo', 'ajar', 'langsung', 'catat', 'serapih', 'coret2an', 'dirapihin', 'wkwk']",0
"['kanan', 'milik', 'acak', 'daftar', 'putar', 'kerja', 'ku', 'tugas']",0
"['duh', 'tugas', 'kuliah', 'numpuk', 'banget', 'pusing']",-1
"['dosen', 'super', 'bantu', 'banget', 'kelas']",1
"['dosen', 'super', 'bantu', 'banget', 'kelas']",1
"['ngerjain', 'tugas', 'kuliah', 'tenggat', 'bentar', 'ya', 'ampun']",-1
"['libur', 'uji', 'semester', 'periode', 'teman', 'siswa', 'alas', 'putra', 'selesai', 'tugas', 'kerja', 'rumah']",1
"['dosen', 'super', 'bantu', 'banget', 'kelas']",1
"['tugas', 'jatuh', 'tempo', 'butuh', 'tugas', 'bantu', 'dm', 'kabar', 'jatuh', 'tempo', 'tugas', 'kelas', 'matematika', 'ukur', 'matematika', 'alex']",0
"['terima', 'kasih', 'dosen', 'ngejelasin', 'materi', 'sabar']",1
"['baca', 'tugas', 'pastu', 'tugas']",-1
"['pilih', 'sih', 'takut', 'malu', 'universitas', '1', 'kampus', '10', 'rakyat', 'lawan', 'mahasiswa', 'indonesia', 'tunggu', 'bosan']",-1
"['hidup', 'dada', 'kalo', 'temu', 'dosen', 'asih', 'rakyat', 'omong', 'dasar', 'lu', 'tiran', 'orang']",-1
"['tugas', 'kuliah', 'kali', 'ribet', 'seru', 'ah']",1
"['ngerjain', 'tugas', 'kuliah', 'tenggat', 'bentar', 'ya', 'ampun']",-1
"['tugas', 'kelar', 'sembuh']",1
"['kunjung', 'kyunghee', 'universitas', 'dosen', 'omong', 'dosen', 'ahjumma', 'fansnya']",0
"['kampus', 'ambil', 'rusak', 'kunci', 'pulau', 'pinang', 'duduk', 'pulau', 'pinang', 'pon']",-1
"['tugas', 'minggu', 'seru']",1
"['masuk', 'kampus', 'kampus', 'kucing', 'batu', 'pahat']",0
"['tugas', 'minggu', 'seru']",1
"['kampus', 'keren', 'banget', 'fasilitas', 'lengkap']",1
"['kampus', 'keren', 'banget', 'fasilitas', 'lengkap']",1
"['kanan', 'pipa', 'berani', 'nyuruh', 'dosen']",0
"['anak', 'kucing', 'kampus', 'asli', 'jepang', 'pergi', 'koleksi']",0
"['langsung', 'wae', 'dosen']",0
"['tugas', 'minggu', 'seru']",1
"['selamat', 'nyonya', 'edit', 'harap', 'milik', 'tugas']",0
"['kampus', 'pasuk', 'selai', '1', 'lumayan', 'bal', 'tanggung']",0
"['sali', 'pulang', 'indonesia', 'syukur', 'temu', 'komunitas', 'epistemik', 'kampus', 'teman', 'mewah', 'pulang', 'sekolah', 'larut', 'bisnis', 'administratif', 'kerja', 'lpj']",1
"['organisasi', 'hambat', 'pulang', 'lambat', 'rumah', 'lantas', 'kabar', 'tugas', 'kuliah', 'kesana', 'kesini', 'contoh', 'tugas', 'keluh', 'kambing', 'turun', 'organisasi', 'kuliah', 'enak', 'ftv']",-1
"['kampus', 'ngopi', 'temu', 'bahasa', 'inggris', 'daun', 'ubah', 'masyarakat', 'a']",0
"['kampus', 'sepi', 'banget']",0
"['tugas', 'minggu', 'seru']",1
"['malam', 'jelang', 'tanding', 'intensif', 'latih', 'kampus', 'larut', 'malam']",0
"['kanan', 'sungguh', 'paham', 'tugas']",1
"['kampus', 'sepi', 'banget']",0
"['tugas', 'kuliah', 'kali', 'ribet', 'seru', 'ah']",1
"['tugas', 'minggu', 'seru']",1
"['kampus', 'keren', 'banget', 'fasilitas', 'lengkap']",1
"['tugas', 'kelar', 'sembuh']",1
"['tugas', 'minggu', 'seru']",1
"['kampus', 'keren', 'banget', 'fasilitas', 'lengkap']",1
"['halaman', 'roh', 'aktivitas', 'oh', 'kampus', 'sarap', 'wow', 'kelas', 'pagi', 'banget', 'sakit']",1
"['nikita', 'sikap', 'halus', 'anak', 'butuh', 'dasar', 'penuh', 'beda', 'cari', 'uang', 'kerja', 'domestik', 'ngomelin', 'anak', 'main', 'dosen']",1
"['tugas', 'kelar', 'sembuh']",1
"['kanan', 'teman', 'tolong', 'bantu', 'ku', 'tugas', 'kena', 'animasi', 'google', 'bentuk', 'survei', 'milik', '13', 't']",0
"['orang', 'temu', 'kota', 'beijing', 'cina', 'tinggal', 'kampus', 'barat', 'kota', 'beijing', 'negeri', 'studi', 'universitas']",1
"['visualsasi', 'anak', 'smt', 'bolak', 'revisi', 'tunggu', 'sesuai', 'dosen']",-1
"['kelompok', 'tugas', 'domino', 'teman', 'grup', 'kdk', 'pasuk', 'universitas', 'kabel', 'kdk', 'sik', 'habis', 'sekolah', 'eh', 'pasuk', 'universitas', 'hadiah', 'utang', 'main', 'kirim', 'kdk', 'organisasi', 'nyuroh', 'tuju', 'nama', 'daging', 'cincang']",-1
"['kanan', 'mahasiswi', 'topik', 'kontol', 'dosen', 'mandi', 'entot', 'nilai', 'kelas']",-1
"['interaksi', 'kampus', 'kelas', 'praktikum', 'alam', 'harga', 'uji', 'uji', 'coba', 'skripsi', 'layan', 'ridha', 'kelinci']",-1
"['kanan', 'mode', 'tugas', 'siku', 'erti', 'situasi']",0
"['tugas', 'minggu', 'seru']",1
"['nio', 'tulis', 'tangan', 'tugas', 'aju', 'politik', 'sains', '317', 'nio', 't']",0
"['tugas', 'kelar', 'sembuh']",1
"['dosen', 'super', 'bantu', 'banget', 'kelas']",1
"['kampus', 'keren', 'banget', 'fasilitas', 'lengkap']",1
"['kanan', 'paham', 'tugas']",1
"['timbang', 'a', 'kentang', 'pos', 'tugas']",0
"['moga', 'murid', 'tinggal', 'dunia', 'alas', 'tekan', 'tidur', 'timbul', 'debat', 'nasional', 'normal', 'universitas', 'murid', 'paksa', 'waspada', '45', 'pagi', 'tugas', 'nila']",1
"['tugas', 'kuliah', 'kali', 'ribet', 'seru', 'ah']",1
"['kanan', 'leceh', 'laku', 'selesai', 'tugas']",0
"['3', 'juli', '2021', '11', '00', 'pagi', 'pemberitahuan', 'mpp', 'upm', 'sidang', '2020', '2021', 'gera', 'murid', 'upm', 'kampus', 'sergap']",0
"['salam', 'makmur', 'murid', 'klub', 'publik', 'bahasa', 'inggris', 'semester', '4', 'universitas', 'islam', 'cabang', 'serawak', 'kampus']",1
"['tugas', 'minggu', 'seru']",1
"['tugas', 'kuliah', 'kali', 'ribet', 'seru', 'ah']",1
"['singkat', 'tugas', 'cipta', 'kelola', 'bahasa', 'inggris']",0
"['dosen', 'biar', 'cinta', 'nilai', 'bagus']",1
"['duh', 'tugas', 'kuliah', 'numpuk', 'banget', 'pusing']",-1
"['eh', 'efek', 'jiwa', 'kelompok', 'tugas']",0
"['tugas', 'minggu', 'seru']",1
"['iium', 'kerja', 'nyata', 'alas', 'kene', 'covid', '19', 'kampus']",-1
"['pikir', 'orang', 'butuh', 'tinggal', 'aktif', 'kerja', 'olahraga', 'ure', 'sibuk', 'kerja', 'rumah', 'cari']",1
"['kampus', 'sepi', 'banget']",0
"['jebak', 'milik', 'tugas', 'kelas', 'pakan', 'ku', 'pantat', 'bayar', 'tugas', 'on', 'line', 'uji', 'bagus', 'bayar', 'karang', 'on', 'line', 'kelas', 'pemrograman', 'tulis', 'karang', 'jatuh', 'tempo', 'kertas', 'matematika', 'laboratorium', 'lapor', 'presentasi', 'powerpoint', 'dm']",0
"['tugas', 'minggu', 'seru']",1
"['dosen', 'super', 'bantu', 'banget', 'kelas']",1
"['dosen', 'lihat', 'asli']",1
"['tugas', 'kelar', 'sembuh']",1
"['kampus', 'keren', 'banget', 'fasilitas', 'lengkap']",1
"['ah', 'boneka', 'menang', 'pilih', 'presiden', 'berkat', 'bantu', 'kuat', 'bawa', 'rajawali', 'kuat', 'hukum', 'awas', 'partai', 'dewan', 'wakil', 'rakyat', 'tentara', 'polisi', 'senator', 'organisasi', 'masyarakat', 'kampus', 'mahasiswa', 'buruh', 'sarjana', 'media', 'ulama']",-1
['dosen'],0
"['kampus', 'sepi', 'banget']",0
"['amin', 'cepat', 'skiripsinya', 'dosen', 'sehat']",1
"['rindu', 'putra', 'ajar', 'bisnis', 'hukum', 'tugas', 'halaman']",1
"['duh', 'tugas', 'kuliah', 'numpuk', 'banget', 'pusing']",-1
"['kampus', 'sepi', 'banget']",0
"['tangan', 'tugas', 'kuliah', 'kelas', 'karang', 'jatuh', 'tempo', 'disertasi', 'semester', 'kelas', 'pemrograman', 'bayar', 'kertas', 'kelas']",0
"['dosen', 'indonesia', 'gin', 'dewa', 'orang', 'tinggal', 'kayak', 'didik', 'jawa']",-1
"['tugas', 'kerja', 'minggu', 'seru']",1
"['kanan', 'chelsea', 'paham', 'tugas']",1
"['dosen', 't', 'muncul']",0
"['dosen', 'super', 'bantu', 'banget', 'kelas']",1
"['lingkar', 'cahaya', 'teman', 'teman', 'spesial', 'harga', 'diskon', 'akun', 'turnitin', 'nih', '100', 'tugas', 'kirim', 'ulang']",0
"['tugas', 'minggu', 'seru']",1
"['gue', 'doa', 'kuat', 'lihat', 'menang', 'kampus', 'warung', 'ayam', 'bicara', 'jojo', 'ah', 'ha', 'ha', 'rl', 'gue', 'garis']",1
"['tugas', 'kelar', 'sembuh']",1
"['duh', 'tugas', 'kuliah', 'numpuk', 'banget', 'pusing']",-1
"['dosen', 'super', 'bantu', 'banget', 'kelas']",1
"['ngerjain', 'tugas', 'kuliah', 'tenggat', 'bentar', 'ya', 'ampun']",-1
"['kaksusjjsjsjs', 'cantik', 'kampus', 'dasar', 'utama', 'kampus', 'bahasa', 'inggris', 'bangun', 'serius']",1
"['kau', 'ajar', 'siswa', 'tugas', 'robek', 'orang', 'santai']",-1
"['layan', 'tugas', 'ya', 'ampun', 'putra', 'kunyah', 'benda', 'benda', 'lezat', 'fattahaminkhaibaharmira', 'filsafat', 'pon']",1
"['tugas', 'kelar', 'sembuh']",1
"['kampus', 'keren', 'banget', 'fasilitas', 'lengkap']",1
"['kampus', 'sepi', 'banget']",0
"['coba', 'laptop', '8', 'pagi', '5', 'malam', 'pastu', 'malam', 'hadap', 'laptop', 'tugas']",0
"['kanan', 'alas', 'perintah', 'batal', 'tunjang', 'kerja', 'dosen', 'perintah', 'prabowo', 'subianto', 'batal', 'tunjang', 'kerja', 'dosen']",0
"['dosen', 'super', 'bantu', 'banget', 'kelas']",1
"['kanan', 'jepang', 'anak', 'kerja', 'milik', 'tugas']",0
"['terima', 'kasih', 'dosen', 'ngejelasin', 'materi', 'sabar']",1
"['tugas', 'kelar', 'sembuh']",1
"['kanan', 'tulis', 'tugas', 'tertawa', 'bahak']",-1
"['kampus', 'sepi', 'banget']",0
"['tolong', 'bantu', 'tinggal', 'kelompok', 'isi', '6', 'orang', 'taman', 'kampus', 'pura', 'ulang', 'racun', 'tiru', 'laku']",-1
"['tugas', 'kelar', 'sembuh']",1
['tangan'],0
"['ngerjain', 'tugas', 'kuliah', 'tenggat', 'bentar', 'ya', 'ampun']",-1
['dosen'],0
"['kampus', 'sepi', 'banget']",0
"['murni', 'ajar', 'bahasa', 'inggris', 'bebas', 'akalinnya', 'cari', 'warga', 'asli', 'cewek', 'syukur', '2', 'buah', 'sepeda', 'motor', 'dosen', 'benar', 'perahu', 'kayak', 'ajar', 'kuat', 'kelas', 'dokter', 'pergi', 'wkwk', 'sesuai', 'sasar', 'ah', 'warga', 'asli', 'indonesia', 'pergi', 'kerja', 'dokter', 'wkwk']",-1
"['olahraga', 'milik', 'ku', 'tugas']",0
"['kanan', 'sungguh', 'paham', 'tugas']",1
"['dosen', 'super', 'bantu', 'banget', 'kelas']",1
"['kanan', 'mode', 'tugas', 'siku', 'erti', 'situasi']",0
"['teman', 'sekolah', 'gaya', 'langit', 'banget', 'julid', 'kritik', 'antem', 'kuasa', 'eh', 'ringan', 'biaya', 'pergi', 'miskin', 'percaya', 'teman', 'kuliah', 'orang', 'warnet', 'ringan', 'dokter', 'kampus', 'bayar', '3', 'semester']",-1
"['politeknik', 'makassar', 'laksana', 'vaksinasi', 'covid', '19', 'dosis', 'makassar', 'politeknik', 'makassar', 'vaksinasi', 'covid', '19', 'dosis', 'laksana', 'kelas', 'kampus']",1
"['foto', 'dosen', 'bimbing', 'senyum', 'serah', 'jempol']",1
"['kampus', 'sepi', 'banget']",0
"['tugas', 'kuliah', 'kali', 'ribet', 'seru', 'ah']",1
"['kampus', 'keren', 'banget', 'fasilitas', 'lengkap']",1
"['jebak', 'tulis', 'ku', 'karang', 'bayar', 'tugas', 'riset', 'kertas', 'karang', 'jatuh', 'tempo', 'bayar', 'kertas', 'kerja', 'rumah', 'kimia', 'psikologi', 'biologi', 'ku', 'tugasmengambil', 'ku', 'bank', 'uji', 'inggris', 'rori', 'harry', 'kerangka', 'kanada', 'pangeran', 'william', 'vitor', 'burung', 'hantu', 'diaz', 'amerika', 'orang', 'pakistan']",0
"['kampus', 'sepi', 'banget']",0
"['dosen', 'sumbang', 'pnbp']",0
"['tugas', 'minggu', 'seru']",1
"['tugas', 'minggu', 'seru']",1
"['1999', 'sungai', 'tugas', 'kuliah', 'tebal']",0
"['tugas', 'main', 'motivasi', 'utama', 'main', 'main', 'layar', 'lindung', 'hm', 'mustahil', 'lihat', 'dokumenter']",-1
"['tugas', 'minggu', 'seru']",1
"['dosen', 'www']",0
"['kanan', 'bahasa', 'spanyol', 'erti', 'tugas']",1
"['haiasoh', 'paham', 'tugas', 'gabung', 'mantel', 'qf', 'terima', 'kasih']",1
"['kampus', 'sepi', 'banget']",0
"['5', 'triliun', '142', 'hektar', 'kampus', 'referensi', 'islam', 'dunia', 'kelas', 'alazar', 'proyek', 'ponpes', 'madrasah', 'masjid', 'fasilitas', 'ummat', 'kalo', 'nomor']",-1
"['pusing', 'tugas', 'pusing', 'nilai']",-1
"['kampus', 'sepi', 'banget']",0
"['tugas', 'pastu', 'kirim', 'lahir', 'sulit', 'tugas', 'huhu']",-1
"['duh', 'tugas', 'kuliah', 'numpuk', 'banget', 'pusing']",-1
"['terima', 'kasih', 'dosen', 'ngejelasin', 'materi', 'sabar']",1
"['pro', 'kampus', 'pagi', 'indonesia', 'barat', 'bahas', 'ekonomi', 'catur', 'kompetisi', 'ecc', 'bahasa', 'indonesia', 'viii', 'himpun', 'mahasiswa', 'ekonomi', 'bangun', 'himpun', 'mahasiswa', 'ekonomi', 'bangun', 'universitas', 'tanjungpura', 'saudari', 'reza', 'saudari', 'saudari', 'berani', 'ah', 'saudari', 'andina', 'saudari', 'partisipasi']",1
"['tugas', 'minggu', 'seru']",1
"['dosen', 'banget', 'sumpah']",1
"['coba', 'cek', 'nih', 'depok', 'kampus', 'sayang']",1
"['tugas', 'minggu', 'seru']",1
"['kampus', 'sepi', 'banget']",0
"['ngerjain', 'tugas', 'kuliah', 'tenggat', 'bentar', 'ya', 'ampun']",-1
"['universitas', 'negara', 'surakarta', 'daftar', '92', '000', 'kampus', 'butuh', '8200', 'terima', 'aman', 'kalah', 'sekian', 'ribu', 'orang']",1
"['kanan', 'sungguh', 'paham', 'tugas']",1
"['kampus', 'keren', 'banget', 'fasilitas', 'lengkap']",1
"['kampus', 'keren', 'banget', 'fasilitas', 'lengkap']",1
"['tangkap', 'dosen', 'tangkap', 'arti', 'sontoloyo', 'ganti', 'presiden']",-1
"['marah', 'kampus', 'bangun', 'atap', 'pergi', 'begitu', 'dongkrak', 'kampus', 'jalan', 'kaki', 'njiirrrr']",-1
"['vaksinasi', 'covid', '19', 'kampus', 'unindra', 'jakarta', 'selatan', 'ppkm', 'cegah', 'sebar']",1
"['anggar', 'atk', 'menteri', 'sufmi', 'dasco', '44', 't', 'rupiah', 'anggar', 'asn', 'dosen', 'butuh', '28', 't', 'bijak', 'anggar', 'administrasi', 'negara', 'cepat']",0
"['barel', 'lahir', 'wilayah', 'kampus']",1
"['kampus', 'keren', 'banget', 'fasilitas', 'lengkap']",1
"['kampus', 'keren', 'banget', 'fasilitas', 'lengkap']",1
"['lacur', 'kalo', 'orang', 'kelas', 'kelas', 'lambat', 'tugas', 'simpul']",1
"['dosen', 'super', 'bantu', 'banget', 'kelas']",1
"['tugas', 'minggu', 'seru']",1
"['kampus', 'keren', 'banget', 'fasilitas', 'lengkap']",1
"['tugas', 'minggu', 'seru']",1
"['ngehadepin', 'dosen', 'obrol', 'ngeread', 'doang', 'responnya', 'banget', 'gue', 'gue', 'bingung', 'kapai', 'takut', 'salah', 'lang']",-1
"['kampus', 'sepi', 'banget']",0
"['kanan', 'bel', 'lembaga', 'tukin', 'dosen']",0
"['kampus', 'sepi', 'banget']",0
"['tugas', 'minggu', 'seru']",1
"['kampus', 'keren', 'banget', 'fasilitas', 'lengkap']",1
"['ngerjain', 'tugas', 'kuliah', 'tenggat', 'bentar', 'ya', 'ampun']",-1
"['dosen', 'super', 'bantu', 'banget', 'kelas']",1
"['suka', 'nih', 'pria', 'dosen', 'antarmuka', 'percaya', 'nuduh2', 'mahasiswa', 'lembaga', 'suap', 'masuk', 'eh', 'buka']",-1
"['umk', 'kampus', 'sayang', 'kota', 'lantan']",0
"['ambil', 'sisi', 'teman', 'sial', 'goyang', 'teman', 'suka', 'gueeee', 'syukur', 'cinta', 'dosen', 'milik', 'percaya', 'percaya', 'moga', 'berkah', 'amin']",1
"['pagi', 'pagi', 'galau', 'galau', 'kampus', 'coba', 'mencret', 'lucu']",1
"['dosen', 'super', 'bantu', 'banget', 'kelas']",1
"['3', 'tugas', 'selesai', '1', 'pergi']",0
"['tugas', 'minggu', 'seru']",1
"['serius', 'percaya', 'kapai', 'beres', 'uji', 'coba', 'revisi', 'kerja', 'diskusi', 'dosen']",0
"['tugas', 'kelar', 'sembuh']",1
"['pekan', 'jangkau', 'habis', 'tugas', 'sik', 'capai', 'dolok']",1
"['kanan', 'muntah', 'lauren', 'paham', 'tugas', 'tupai', 'sweter', 'sempurna']",1
"['dosen', 'super', 'bantu', 'banget', 'kelas']",1
"['tugas', 'kerja', 'minggu', 'seru']",1
"['klien', 'puas', 'hebat', 'sasar', 'dm', 'tugas']",0
"['tugas', 'minggu', 'seru']",1
"['tugas', 'minggu', 'seru']",1
"['kalo', 'pesan', 'singkat', 'dosen', 'kudu', 'banget', 'pikir', 'tawa', 'biar', 'sopan', 'takut', 'salah', 'omong', 'lulus', 'teman', 'ah', 'wkwkw', 'pimpin', 'kelas']",1
"['nomor', 'jadwal', 'tanggal', '25', 'mei', 'milik', 'protes', 'nama', 'mahasiswa', 'tua', 'lihat', 'jadwal', 'kampus', 'boro', 'boro', 'diam', 'singgung', 'jadwal', 'tes']",-1
"['tugas', 'kelar', 'sembuh']",1
"['kanan', 'pohon', 'cemara', 'berani', 'nyuruh', 'dosen']",0
"['ambil', 'lang', 'proaktif', 'bantu', '50', 'orang', 'saudara', 'perempuan', 'kampus', 'gombak', 'butuh', 'aman', 'ala']",1
"['sayang', 'anak', 'laki', 'universitas', 'anak', 'laki', '2', 'tatap', 'muka', 'layar', 'laptop', 'putra', 'cinta', 'kucing', 'kafetaria', 'peristiwa', 'komunikasi', 'massa', 'langgar', 'langgar', 'kertas', 'tugas', 'sera']",-1
"['kampus', 'sepi', 'banget']",0
"['pkpd', '1326', 'juni', '2021', 'kampus', 'universitas', 'utara', 'malaysia', 'tiup', 'kedah', 'kampung', 'kadazan', 'tawau', 'sabah', 'desa', 'daerah', 'kota', 'kinabalu', 'sabah', 'kampung', 'serigala', '1', 'kuat', 'kampung', 'bukit', 'cantik', 'taman', 'vila', 'lumpuh', 'anak', 'penampang', 'sabah']",0
"['sayang', 'murid', 'gila', 'tugas', 'alas', 'kuliah', 'kelas', 'pergi', 'tekun', 'mahasiswa']",1
"['kotak', 'dosen']",0
"['tugas', 'minggu', 'seru']",1
"['alumni', 'praktek', 'kampus', 'ijin', 'harusnyakan', 'ijin', 'lulus', 'pakai', 'fasilitas', 'negara', 'otoritas', 'kampus']",-1
"['dosen', 'super', 'bantu', 'banget', 'kelas']",1
"['lihat', 'kerja', 'cinta', 'leonardo', 'dah', 'vinci', 'sih', 'buka', 'raph', 'bocor', 'milik', 'tugas', 'bajing']",0
"['bahasa', 'inggris', 'warga', 'bahasa', 'inggris', 'lonjak', 'who', 'kampus', 'gombak']",-1
"['orang', 'kampus', 'universitas', 'turun', 'berat', 'alas', 'murid', 'kadang', 'juang', 'makan', 'ajar', 'kucing', 'bahasa', 'inggris', 'gomb', 'berat', 'alas', 'makan', 'murah', 'lezat', 'jari', 'kucing', 'kampus']",1
"['kanan', 'paksa', 'layanin', 'kontol', 'dosen', 'n', 'nurl']",0
"['dosen', 'super', 'bantu', 'banget', 'kelas']",1
"['terima', 'cinta', 'teman', 'teman', 'baca', 'pustaka', 'kampus']",1
"['tugas', 'kerja', 'minggu', 'seru']",1
"['maaf', 'on', 'line', 'diskusi', 'tugas', 'teman', 'kelompok', 'enggak', 'mengerti', 'covid', 'karantina']",0
"['guru', 'henti', 'kampus', 'mending', 'kerja', 'malu', 'almameter', 'kesel']",-1
"['dosen', 'omong', 'gin', 'bingung', 'jawabny']",-1
"['tugas', 'minggu', 'seru']",1
"['bicara', 'kucing', 'siswa', 'paham', 'terima', 'kasih', 'tugas', 'serah', 'tanggal']",1
"['kalo', 'teman', 'bahasa', 'inggris', 'percaya', 'buka', 'akun', 'teman', 'kalo', 'dosen', 'sopan']",0
"['tugas', 'minggu', 'seru']",1
"['kampus', 'sepi', 'banget']",0
"['banget', 'ya', 'tuhan', 'kampus', 'keluar', 'bahan', 'ikat', 'ambil', 'kotak', 'pensil', 'keluar', 'bolpoin']",1
"['rewel', 'bgitulah', 'basis', 'unsoed', 'b', 'kayak', 'mahasiswa', 'teliti', 'transparasi', 'nilai', 'b', 'singgung', 'dosen', 'gue', 'tuju', 'dosen', 'hitung']",-1
"['ipg', 'kampus', 'kota', 'dm', 'sedia', 'link', 'kelompok']",1
"['tugas', 'minggu', 'seru']",1
"['kanan', 'sedih', 'saudari', '2017', 'teliti', 'gue', '3', 'teman', 'gue', 'ambil', 'ganti', 'kaprodi', 'dosen', 'dosen', 'kem']",-1
['bagus'],1
"['kalo', 'kampus', 'temu', 'brondong', 'buah', 'batu', 'adana', 'sulit', 'butuh', 'bantu', 'murid', 'kampus', 'tinggal', 'sewa', 'kampus', 'serang', 'sulit', 'butuh', 'bantu', 'selesai', 'bentuk', 'link']",1
"['pkpd', 'cetak', 'surat', 'tugas', 'toko', 'tutup', 'prakarsa', 'pergi', 'beli', 'cetak']",-1
"['arti', 'tuh', 'dosen', 'ngeganti', 'selai', 'kosong', 'selai', 'pagi', 'masuk', 'pagi', 'langsung']",0
"['kampus', 'sepi', 'banget']",0
"['terima', 'kasih', 'dosen', 'ngejelasin', 'materi', 'sabar']",1
"['teman', 'derajat', 'parah', 'takut', 'ambil', '24sk', 'smt', 'tinggal', '1', 'matkul', 'bahasa', 'inggris', 'pagar', 'bgitulah', 'dosen', 'uasnya', 'biar', 'takut', 'pikir', 'enak']",-1
"['tugas', 'eia', 'kucing', 'pulau', 'pinang']",1
"['dosen', 'super', 'bantu', 'banget', 'kelas']",1
"['tugas', 'minggu', 'seru']",1
"['komite', 'wakil', 'kampus', 'jpk', 'kampus', 'cemara', 'sidang', '2021', '2022', 'universitas', 'islam', 'cabang', 'selangor', 'kampus', 'puncak', 'alam', 'setan']",0
"['kanan', 'mode', 'tugas', 'siku', 'erti', 'situasi']",0
"['haiasoh', 'hai', 'paham', 'tugas', 'main', 'salah', 'padat', 'taktik', 'tembak']",-1
"['kampus', 'sepi', 'banget']",0
"['baca', 'murid', 'keluh', 'pasal', 'bagus', 'tugas', 'gila', 'paham', 'dosen', 'tutup', 'fisik']",1
"['kampus', 'sepi', 'banget']",0
"['asrama', 'ipg', 'kampus', 'bahasa', 'internasional', 'jalan', 'lembah', 'pantai', 'kuala', 'lumpur']",0
"['pita', 'jalan', 'kaki', 'oke', 'ledak', 'saudari', 'tugas', 'putra', 'dobel']",-1
"['vaksin', 'ppv', 'pandu', 'setir', 'universitas', 'malaysia', 'sabah', 'kampus', 'internasional', 'labu']",1
"['kanan', 'kompas', 'terbit', 'opini', 'balas', 'tulis', 'guru', 'ganda', 'febri', 'kurniawan', 'dosen', 'fisip', 'semesta']",0
"['kanan', 'senang', 'buluh', 'sih', 'rahasia', 'tugas', 'potensi', 'a', 'harfiah', 'musim', 'dingin', 'raya']",0
"['kampus', 'keren', 'banget', 'fasilitas', 'lengkap']",1
"['tugas', 'minggu', 'seru']",1
"['kanan', 'sungguh', 'paham', 'tugas']",0
"['anti', 'bank', 'bank', 'klub', 'gue', 'kepo', 'info', 'bangkit', 'lihat', 'makan', 'duit', 'ikan', 'tuh', 'salah', 'rekan', 'pria', 'tawan', 'kampus', 'berani', 'putus', 'bangkit', 'biar', 'makan', 'duit', 'ikan', 'ckck']",-1
"['kunjung', 'kyunghee', 'universitas', 'dosen', 'omong', 'dosen', 'ahjumma', 'fansnya']",0
"['tugas', 'minggu', 'seru']",1
"['tugas', 'minggu', 'seru']",1
"['tugas', 'kelar', 'sembuh']",1
"['terima', 'kasih', 'dosen', 'ngejelasin', 'materi', 'sabar']",1
"['kanan', 'sungguh', 'paham', 'tugas']",1
"['tugas', 'kelar', 'sembuh']",1
"['kampus', 'keren', 'banget', 'fasilitas', 'lengkap']",1
"['tugas', 'kelar', 'sembuh']",1
"['jebak', 'milik', 'tugas', 'kelas', 'pakan', 'ku', 'pantat', 'bayar', 'tugas', 'on', 'line', 'uji', 'bagus', 'bayar', 'karang', 'on', 'line', 'kelas', 'pemrograman', 'tulis', 'karang', 'jatuh', 'tempo', 'kertas', 'matematika', 'laboratorium', 'lapor', 'presentasi', 'powerpoint', 'dm']",0
"['kampus', 'sepi', 'banget']",0
"['rakyat', 'jumat', 'rumah', 'sakit', 'sakit', 'jatuh', 'sedih', 'mulu', 'sabtu', 'pagi', 'suruh', 'kampus', 'malam', 'alamat', 'masuk', 'rumah', 'sakit']",-1
"['kampus', 'keren', 'banget', 'fasilitas', 'lengkap']",1
"['duh', 'tugas', 'kuliah', 'numpuk', 'banget', 'pusing']",-1
"['kampus', 'sepi', 'banget']",0
"['100', 'sih', 'tugas', 'pasuk', 'ayah', 'renang', 'kolam']",0
"['pikir', 'sehat', 'robek', 'urung', 'kampus', 'perangai2', 'pimpin', 'cantik', 'kepala']",-1
"['kampus', 'sepi', 'banget']",0
"['tugas', 'minggu', 'seru']",1
"['a', 'wanita', 'tolong', 'investasi', 'milik', 'pribadi', 'kembang', 'kerja', 'milik', 'anak', 'sih', 'tugas']",1
"['tugas', 'minggu', 'seru']",1
"['kampus', 'keren', 'banget', 'fasilitas', 'lengkap']",1
"['tugas', 'kelar', 'sembuh']",1
"['terima', 'kasih', 'dosen', 'ngejelasin', 'materi', 'sabar']",1
"['kanan', 'alas', 'perintah', 'tiada', 'tunjang', 'kerja', 'dosen', 'perintah', 'prabowo', 'subianto', 'batal', 'tunjang', 'kerja', 'dosen']",0
"['marwah', 'kampus', 'diet', 'biadab', 'nyungsep']",-1
"['bicara', 'orientasi', 'studi', 'kampus', 'orientasi', 'studi', 'kampus', 'makan', 'belok', 'masuk', 'lidah', 'operasi', 'belah', 'selesai', 'kecup', 'mulut', 'belok']",1
"['rahasia', 'rapat', 'jamban', 'artis', 'hukum', 'burung', 'merpati', 'ayam', 'kampus', 'dll', 'rapat']",-1
"['kampus', 'gue', 'orang', 'asing', 'pakai', 'pantat', 'wkwk', 'ah', 'gantung', 'dosen', 'pakai']",1
"['babi', 'kelompok', 'tugas', 'subjek', 'sesuai', 'tugas', 'individu', 'tangan', 'sial']",-1
"['tugas', 'kerja', 'minggu', 'seru']",1
"['kanan', 'a', 'skala', '110', 'milik', 'tugas', '10', 'menit', 'tenggat']",0
"['tuh', 'rumah', 'tinggal', 'banget', 'amin', 'kadang', 'kritik', 'tawar', 'barang', 'loh', 'rumah', 'ayah', 'doang', 'kakak', 'kampus', 'warung', 'sayur', 'tukang', 'ngamen', 'ayah']",0
"['kanan', 'pohon', 'cemara', 'berani', 'nyuruh', 'dosen']",0
"['kampus', 'sepi', 'banget']",0
"['kirim', 'foto', 'kampus', 'serikat']",0
"['tugas', 'minggu', 'seru']",1
"['kampus', 'sepi', 'banget']",0
"['duh', 'tugas', 'kuliah', 'numpuk', 'banget', 'pusing']",-1
"['masuk', 'google', 'jaring', 'laba', 'bloger', 'forum', 'situs', 'dewasa', 'cinta', 'bonus', 'rusak', 'saudara', 'laki', 'lonte', 'bispak', 'bugil', 'telanjang', 'toge', 'putih', 'jilboobs', 'binal', 'bisyar', 'ayam', 'kampus', 'girang', 'ngentot', 'porno', 'telanjang', 'banget', 'padang', 'rumput', 'gila', 'kontributor', 'ah']",-1
"['tugas', 'minggu', 'seru']",1
"['kanan', 'dang', 'bgitulah', 'dosen', 'dosen', 'zolim', 'bgitulah', 'orang', 'zaman', 'nilai', 'uts', 'asli', '90an', 'inputnya']",-1
"['duh', 'tugas', 'kuliah', 'numpuk', 'banget', 'pusing']",-1
"['kanan', 'mahasiswi', 'paksa', 'kontol', 'dosen', 'sebelumndi', 'entot', 'nilai', 'kelas', 'xf0', 'x9f', 'bahasa', 'inggris', 'x98', 'ya', 'nurl']",0
"['h', 'tolol', 'takut', 'amuk', 'bocah', 'kampus', 'malam']",-1
"['tugas', 'kelar', 'sembuh']",1
"['main', 'bidang', 'detik', 'a', 'murid', 'kirim', 'tugas', 'jam', '5', 'pagi', 'sumpah', 'gemuk']",0
"['bodoh', 'peduli', 'buruk', 'bodoh', 'situasi', 'semester', 'kelompok', 'tugas', 'orang', 'bodoh', 'maksud', 'belanja', 'ajar', 'juang', 'kooperatif']",0
"['tugas', 'minggu', 'seru']",1
"['kampus', 'keren', 'banget', 'fasilitas', 'lengkap']",1
"['kanan', 'muntah', 'lauren', 'paham', 'tugas', 'tupai', 'sweter', 'sempurna']",1
"['kanan', 'b', 'lokio', 'rilis', 'serah', 'misi', 'tugas', 'sih', 'a']",0
"['ngerjain', 'tugas', 'kuliah', 'tenggat', 'bentar', 'ya', 'ampun']",-1
"['kampus', 'sepi', 'banget']",0
"['bangun', 'administrasi', 'musim', 'panas', 'bangun', 'kanselir', '2005', 'kuim', 'gerak', 'kampus', 'bandar', 'nilai', 'negara', 'sembilan', 'administrasi']",0
"['duh', 'tugas', 'kuliah', 'numpuk', 'banget', 'pusing']",-1
"['tugas', 'minggu', 'seru']",1
"['takut', 'salah', 'jenis', 'ngechat', 'dosen', 'wali', 'gue', 'ngetiknya', 'catat', 'perbaikiperbaikicopypaste', 'ruangobrolancekcekcek', 'buka', 'catat', 'lagiperbaikiperbaikukuba', 'whatsappclosegajadi', 'obrol', 'keledai', 'gue', 'anak', 'anjing', 'lemah']",-1
"['malas', 'oh', 'lapor', 'tugas', 'penuh', 'draf', 'kirim', '14', 'juni', 'simulasi', 'lihat']",-1
"['majelis', 'wakil', 'murid', 'universitas', 'islam', 'cabang', 'negara', 'sembilan', 'kampus', 'kuala', 'sortir', 'sidang', '2020', '2021']",0
"['kampus', 'keren', 'banget', 'fasilitas', 'lengkap']",1
"['deshhou', 'hmm', 'tertawa', 'bahak', 'kenal', 'sistem', 'tugas', 'meiwaku', 'kucing', 'budak2']",-1
"['kampus', 'sepi', 'banget']",0
"['tunggu', 'kilometer', 'a', 'rr', 'dm']",0
"['dosen', 'hati', 'batu', 'adek', 'armando']",0
"['temu', '4', 'selai', 'vc', '4', 'selai', 'non', 'henti', 'sakit', 'otak', 'gumpal', 'tugas']",0
"['dosen', 'super', 'bantu', 'banget', 'kelas']",1
"['tugas', 'kelar', 'sembuh']",1